bamorder,sample_name,sample_metadata_id,collection_date,village,method,sample,species,conc_ng_ul,estimated_total_ng,well,cluster,lat,long,month,year,treated
0,A10_10,A10_10,16/09/2015,BOULO-KOMARA,CDC,141-2,gambiae,5.6432,2821.6,A10,29,10.40929,-4.61967,9,2015,0
1,A10_11,A10_11,07/07/2015,BOUSSANRA I,CDC,020-2,gambiae,4.2124,2106.2,A10,26,10.50926,-4.57797,7,2015,1
2,A10_1,A10_1,15/08/2014,LOMBO,CDC,504-3,gambiae,1.2,598,A10,18,10.07051,-4.30001,8,2014,0
3,A10_2,A10_2,09/11/2015,DASSORPIRE,CDC,311-12,gambiae,0.76,382.4,A10,12,10.67426,-4.59349,11,2015,1
4,A10_3,A10_3,03/09/2015,NATIERA,CDC,113b-3,gambiae,1.4096,704.8,A10,10,10.69726,-4.44495,9,2015,1
5,A10_4,A10_4,09/09/2015,BOUSSANRA I,CDC,126-11,gambiae,1.6992,849.6,A10,26,10.50926,-4.57797,9,2015,1
6,A10_5,A10_5,03/09/2014,FRIGARA,CDC,113a-11,gambiae,2.5916,1295.8,A10,20,10.49796,-4.46115,9,2014,0
7,A10_7,A10_7,12/09/2014,DANDOUGOU,CDC,41a-5,gambiae,4.2416,2120.8,A10,2,10.10211,-4.3382,9,2014,1
8,A10_8,A10_8,04/11/2014,KOFING,CDC,1826-1,gambiae,2.4592,1229.6,A10,9,10.20378,-4.39405,11,2014,1
9,A10_9,A10_9,10/09/2015,KOFLANDE,CDC,129-8,gambiae,4.6332,2316.6,A10,37,10.23163,-4.4324,9,2015,1
10,A1_10,A1_10,10/09/2015,BOUNOUBA,CDC,131-1,gambiae,3.0584,1529.2,A1,39,10.26145,-4.36408,9,2015,1
11,A11_11,A11_11,07/07/2015,BOUSSANRA I,CDC,020-10,gambiae,7.1288,3564.4,A11,26,10.50926,-4.57797,7,2015,1
12,A11_12,A11_12,14/07/2015,SANHOUNOU,CDC,708-1,gambiae,2.152,1076,A11,12,10.67426,-4.59349,7,2015,1
13,A11_1,A11_1,15/08/2014,LOMBO,CDC,514-6,gambiae,3.05,1522.8,A11,18,10.07051,-4.30001,8,2014,0
14,A11_2,A11_2,09/11/2015,SANHOUNOU,CDC,3618-3,gambiae,2.04,1021.6,A11,12,10.67426,-4.59349,11,2015,1
15,A11_3,A11_3,03/09/2015,NATIERA,CDC,113b-11,gambiae,3.1328,1566.4,A11,10,10.69726,-4.44495,9,2015,1
16,A1_13,A1_13,14/07/2015,TIEFORA II,CDC,026-1,gambiae,7.4052,3702.6,A1,11,10.66015,-4.51636,7,2015,1
17,A11_4,A11_4,09/09/2015,BOUSSANRA I,CDC,127-2,gambiae,1.464,732,A11,26,10.50926,-4.57797,9,2015,1
18,A11_5,A11_5,03/09/2014,YABLE I,CDC,821-1,gambiae,3.3448,1672.4,A11,4,10.31913,-4.38869,9,2014,1
19,A11_6,A11_6,17/09/2014,SISRANKA,CDC,171-8,gambiae,1.66,829.2,A11,29,10.40929,-4.61967,9,2014,0
20,A11_7,A11_7,12/09/2014,DANDOUGOU,CDC,41a-13,gambiae,4.8376,2418.8,A11,2,10.10211,-4.3382,9,2014,1
21,A12_6,A12_6,17/09/2014,SISRANKA,CDC,171-16,gambiae,4.66,2331.8,A12,29,10.40929,-4.61967,9,2014,0
22,A1_2,A1_2,02/11/2015,KANKOUNABA II,CDC,302-1,gambiae,1.34,669.6,A1,1,10.58465,-4.54745,11,2015,1
23,A1_3,A1_3,02/09/2015,YABLE I,CDC,106b-1,gambiae,1.2616,630.8,A1,4,10.31913,-4.38869,9,2015,1
24,A1_4,A1_4,04/09/2015,SOBARA III,CDC,114-1,gambiae,1.0392,519.6,A1,3,10.25882,-4.41593,9,2015,1
25,A1_6,A1_6,03/09/2014,BAMAKO,CDC,117-1,gambiae,3.92,1960.4,A1,20,10.49796,-4.46115,9,2014,0
26,A1_7,A1_7,09/09/2014,BOUSSANRA I,CDC,139a-1,gambiae,2.1152,1057.6,A1,26,10.50926,-4.57797,9,2014,0
27,A1_8,A1_8,17/09/2014,SISRANKA,CDC,170-1,gambiae,4.5224,2261.2,A1,29,10.40929,-4.61967,9,2014,0
28,A1_9,A1_9,05/11/2014,KANGOUNABA I,CDC,1840-1,gambiae,4.1656,2082.8,A1,9,10.20378,-4.39405,11,2014,1
29,A2_10,A2_10,10/09/2015,BOUNOUBA,CDC,131-9,gambiae,6.0544,3027.2,A2,39,10.26145,-4.36408,9,2015,1
30,A2_11,A2_11,01/07/2015,BAMAKO,CDC,444-2,gambiae,8.7132,4356.6,A2,20,10.49796,-4.46115,7,2015,1
31,A2_12,A2_12,09/07/2015,BOUNOUBA,CDC,022-3,gambiae,5.192,2596,A2,39,10.26145,-4.36408,7,2015,0
32,A2_13,A2_13,14/07/2015,TIEFORA II,CDC,026-9,gambiae,8.1564,4078.2,A2,11,10.66015,-4.51636,7,2015,1
33,A2_14,A2_14,10/09/2015,BOLOMAKOTE,CDC,157-9,gambiae,4.0436,2021.8,A2,9,10.20378,-4.39405,9,2015,1
34,A2_1,A2_1,23/07/2014,SAKORA I,CDC,237-5,gambiae,1.6,800,A2,29,10.40929,-4.61967,7,2014,0
35,A2_2,A2_2,02/11/2015,KANKOUNABA II,CDC,302-9,gambiae,1.06,529.2,A2,1,10.58465,-4.54745,11,2015,1
36,A2_3,A2_3,02/09/2015,YABLE I,CDC,106b-9,gambiae,2.492,1246,A2,4,10.31913,-4.38869,9,2015,1
37,A2_4,A2_4,04/09/2015,SOBARA III,CDC,114-9,gambiae,0.8848,442.4,A2,3,10.25882,-4.41593,9,2015,1
38,A2_5,A2_5,01/09/2014,KANGOUNABA II,CDC,104a-9,gambiae,1.6848,842.4,A2,1,10.58465,-4.54745,9,2014,1
39,A2_7,A2_7,09/09/2014,BOUSSANRA I,CDC,139a-9,gambiae,3.4056,1702.8,A2,26,10.50926,-4.57797,9,2014,0
40,A2_8,A2_8,17/09/2014,SISRANKA,CDC,170-9,gambiae,4.1368,2068.4,A2,29,10.40929,-4.61967,9,2014,0
41,A2_9,A2_9,05/11/2014,KANGOUNABA I,CDC,1840-9,gambiae,2.7772,1388.6,A2,9,10.20378,-4.39405,11,2014,1
42,A3_10,A3_10,10/09/2015,BOUNOUBA,CDC,131-17,gambiae,2.7556,1377.8,A3,39,10.26145,-4.36408,9,2015,1
43,A3_12,A3_12,09/07/2015,BOUNOUBA,CDC,582-1,gambiae,3.4584,1729.2,A3,39,10.26145,-4.36408,7,2015,0
44,A3_14,A3_14,10/09/2015,BOLOMAKOTE,CDC,157-17,gambiae,5.1076,2553.8,A3,9,10.20378,-4.39405,9,2015,1
45,A3_1,A3_1,23/07/2014,SISRANKA,CDC,241-2,gambiae,1.09,545.2,A3,29,10.40929,-4.61967,7,2014,0
46,A3_3,A3_3,02/09/2015,BAMAKO,CDC,107b-5,gambiae,5.8856,2942.8,A3,20,10.49796,-4.46115,9,2015,1
47,A3_4,A3_4,04/09/2015,SOBARA III,CDC,114-17,gambiae,1.8424,921.2,A3,3,10.25882,-4.41593,9,2015,1
48,A3_5,A3_5,01/09/2014,KANGOUNABA II,CDC,105-4,gambiae,3.2388,1619.4,A3,1,10.58465,-4.54745,9,2014,1
49,A3_6,A3_6,07/09/2014,SOBARA II,CDC,123a-6,gambiae,1.53,764.8,A3,3,10.25882,-4.41593,9,2014,1
50,A3_7,A3_7,09/09/2014,BOUSSANRA I,CDC,139a-17,gambiae,4.3776,2188.8,A3,26,10.50926,-4.57797,9,2014,0
51,A3_8,A3_8,19/09/2014,BOLOMAKOTE,CDC,195-8,gambiae,2.4616,1230.8,A3,9,10.20378,-4.39405,9,2014,1
52,A3_9,A3_9,05/11/2014,NATIERA,CDC,357-8,gambiae,4.7116,2355.8,A3,10,10.69726,-4.44495,11,2014,1
53,A4_10,A4_10,11/09/2015,DANDOUGOU,CDC,88-2,gambiae,2.3764,1188.2,A4,2,10.10211,-4.3382,9,2015,1
54,A4_11,A4_11,01/07/2015,BAMAKO,CDC,017-12,gambiae,4.3504,2175.2,A4,20,10.49796,-4.46115,7,2015,1
55,A4_12,A4_12,09/07/2015,BOUNOUBA,CDC,592-1,gambiae,4.128,2064,A4,39,10.26145,-4.36408,7,2015,0
56,A4_13,A4_13,16/07/2015,SOBARA II,CDC,029-4,gambiae,2.5924,1296.2,A4,3,10.25882,-4.41593,7,2015,1
57,A4_14,A4_14,10/09/2015,BOLOMAKOTE,CDC,157-25,gambiae,4.7968,2398.4,A4,9,10.20378,-4.39405,9,2015,1
58,A4_1,A4_1,25/07/2014,KOFING,CDC,51a-4,gambiae,2.53,1263.6,A4,9,10.20378,-4.39405,7,2014,1
59,A4_3,A4_3,02/09/2015,BAMAKO,CDC,107b-13,gambiae,2.8008,1400.4,A4,20,10.49796,-4.46115,9,2015,1
60,A4_4,A4_4,07/09/2015,DASSORPIRE,CDC,119-3,gambiae,1.676,838,A4,12,10.67426,-4.59349,9,2015,1
61,A4_5,A4_5,01/09/2014,MOSSIBOUGOU,CDC,106a-5,gambiae,2.3972,1198.6,A4,10,10.69726,-4.44495,9,2014,1
62,A4_6,A4_6,07/09/2014,SOBARA II,CDC,123a-14,gambiae,1.89,947,A4,3,10.25882,-4.41593,9,2014,1
63,A4_7,A4_7,11/09/2014,BOUNOUBA,CDC,28a-5,gambiae,2.3528,1176.4,A4,39,10.26145,-4.36408,9,2014,0
64,A4_8,A4_8,19/09/2014,KOFLANDE,CDC,209-1,gambiae,2.6112,1305.6,A4,37,10.23163,-4.4324,9,2014,0
65,A4_9,A4_9,05/11/2014,NATIERA,CDC,357-16,gambiae,2.5188,1259.4,A4,10,10.69726,-4.44495,11,2014,1
66,A5_10,A5_10,11/09/2015,KIESSE(KEHINSA),CDC,134-4,gambiae,2.544,1272,A5,2,10.10211,-4.3382,9,2015,1
67,A5_11,A5_11,01/07/2015,BAMAKO,CDC,442-1,gambiae,6.1132,3056.6,A5,20,10.49796,-4.46115,7,2015,1
68,A5_12,A5_12,12/07/2015,KANKOUNABA II,CDC,024-1,gambiae,6.14,3070,A5,1,10.58465,-4.54745,7,2015,1
69,A5_13,A5_13,16/07/2015,SOBARA II,CDC,029-11,gambiae,4.8652,2432.6,A5,3,10.25882,-4.41593,7,2015,1
70,A5_1,A5_1,25/07/2014,KOFING,CDC,51a-12,gambiae,2.37,1186.8,A5,9,10.20378,-4.39405,7,2014,1
71,A5_3,A5_3,02/09/2015,BAMAKO,CDC,107b-21,gambiae,5.1008,2550.4,A5,20,10.49796,-4.46115,9,2015,1
72,A5_4,A5_4,07/09/2015,DASSORPIRE,CDC,119-11,gambiae,2.0104,1005.2,A5,12,10.67426,-4.59349,9,2015,1
73,A5_5,A5_5,01/09/2014,MOSSIBOUGOU,CDC,106a-13,gambiae,1.1896,594.8,A5,10,10.69726,-4.44495,9,2014,1
74,A5_6,A5_6,08/09/2014,TIEFORA II,CDC,132a-2,gambiae,1.97,987.2,A5,11,10.66015,-4.51636,9,2014,1
75,A5_8,A5_8,19/09/2014,KOFLANDE,CDC,209-9,gambiae,3.7308,1865.4,A5,37,10.23163,-4.4324,9,2014,0
76,A5_9,A5_9,06/11/2014,BAMAKO,CDC,1856-2,gambiae,4.3216,2160.8,A5,20,10.49796,-4.46115,11,2014,0
77,A6_12,A6_12,12/07/2015,KANKOUNABA II,CDC,024-9,gambiae,9.0248,4512.4,A6,1,10.58465,-4.54745,7,2015,1
78,A6_13,A6_13,21/07/2015,SISRANKA,CDC,852-3,gambiae,3.6904,1845.2,A6,39,10.26145,-4.36408,7,2015,0
79,A6_1,A6_1,25/07/2014,KOFING,CDC,51a-20,gambiae,3.42,1709.2,A6,9,10.20378,-4.39405,7,2014,1
80,A6_3,A6_3,03/09/2015,KANGOUNABA I,CDC,109-3,gambiae,2.3984,1199.2,A6,1,10.58465,-4.54745,9,2015,1
81,A6_4,A6_4,07/09/2015,TIEFORA II,CDC,123b-2,gambiae,1.1968,598.4,A6,11,10.66015,-4.51636,9,2015,1
82,A6_5,A6_5,01/09/2014,NATIERA,CDC,107a-4,gambiae,3.2704,1635.2,A6,10,10.69726,-4.44495,9,2014,1
83,A6_8,A6_8,19/09/2014,KOFLANDE,CDC,209-17,gambiae,3.2124,1606.2,A6,37,10.23163,-4.4324,9,2014,0
84,A6_9,A6_9,10/11/2014,PONT MAURICE,CDC,360-7,gambiae,3.8972,1948.6,A6,11,10.66015,-4.51636,11,2014,1
85,A7_10,A7_10,11/09/2015,LOMBO,CDC,136-7,gambiae,2.42,1210,A7,18,10.07051,-4.30001,9,2015,1
86,A7_12,A7_12,12/07/2015,MOSSIBOUGOU,CDC,667-4,gambiae,3.1696,1584.8,A7,10,10.69726,-4.44495,7,2015,1
87,A7_13,A7_13,24/07/2015,BAKARIDJAN II,CDC,911-1,gambiae,3.8372,1918.6,A7,9,10.20378,-4.39405,7,2015,1
88,A7_1,A7_1,30/07/2014,KANKOUNADENI,CDC,53a-8,gambiae,2.32,1157.6,A7,36,10.48214,-4.61734,7,2014,0
89,A7_2,A7_2,09/11/2015,PONT MAURICE,CDC,310-7,gambiae,1.4,698.6,A7,11,10.66015,-4.51636,11,2015,1
90,A7_4,A7_4,07/09/2015,TIEFORA II,CDC,123b-10,gambiae,0.8264,413.2,A7,11,10.66015,-4.51636,9,2015,1
91,A7_5,A7_5,03/09/2014,BOUNOUMBA,CDC,111a-6,gambiae,3.5796,1789.8,A7,4,10.31913,-4.38869,9,2014,1
92,A7_6,A7_6,08/09/2014,TIEFORA II,CDC,132a-18,gambiae,4.19,2093,A7,11,10.66015,-4.51636,9,2014,1
93,A7_7,A7_7,12/09/2014,LOMBO,CDC,34-9,gambiae,6.044,3022,A7,18,10.07051,-4.30001,9,2014,1
94,A7_8,A7_8,23/09/2014,KANKOUNADENI,CDC,223-4,gambiae,4.4944,2247.2,A7,36,10.48214,-4.61734,9,2014,0
95,A7_9,A7_9,10/11/2014,PONT MAURICE,CDC,360-15,gambiae,4.9864,2493.2,A7,11,10.66015,-4.51636,11,2014,1
96,A8_10,A8_10,11/09/2015,LOMBO,CDC,136-15,gambiae,2.2972,1148.6,A8,18,10.07051,-4.30001,9,2015,1
97,A8_11,A8_11,01/07/2015,YABLE I,CDC,541-2,gambiae,2.0908,1045.4,A8,4,10.31913,-4.38869,7,2015,1
98,A8_12,A8_12,12/07/2015,NATIERA,CDC,657-6,gambiae,5.308,2654,A8,10,10.69726,-4.44495,7,2015,1
99,A8_1,A8_1,30/07/2014,KANKOUNADENI,CDC,53a-16,gambiae,1.2,598.8,A8,36,10.48214,-4.61734,7,2014,0
100,A8_2,A8_2,09/11/2015,PONT MAURICE,CDC,310-15,gambiae,1.77,884,A8,11,10.66015,-4.51636,11,2015,1
101,A8_6,A8_6,08/09/2014,SANHOUNOU,CDC,135-4,gambiae,3.29,1646.6,A8,12,10.67426,-4.59349,9,2014,1
102,A8_9,A8_9,10/09/2015,KOFING,CDC,128-5,gambiae,6.7008,3350.4,A8,9,10.20378,-4.39405,9,2015,1
103,A9_10,A9_10,16/09/2015,SISRANKA,CDC,139b-5,gambiae,2.0308,1015.4,A9,29,10.40929,-4.61967,9,2015,0
104,A9_12,A9_12,12/07/2015,MOSSIBOUGOU,CDC,666-6,gambiae,2.8088,1404.4,A9,10,10.69726,-4.44495,7,2015,1
105,A9_13,A9_13,24/07/2015,BOLOMAKOTE,CDC,924-2,gambiae,2.6012,1300.6,A9,37,10.23163,-4.4324,7,2015,0
106,A9_1,A9_1,14/08/2014,BOUNOUBA,CDC,488-1,gambiae,2.78,1392.4,A9,39,10.26145,-4.36408,8,2014,0
107,A9_2,A9_2,09/11/2015,DASSORPIRE,CDC,311-4,gambiae,1.19,597,A9,12,10.67426,-4.59349,11,2015,1
108,A9_3,A9_3,03/09/2015,NATIERA,CDC,112b-3,gambiae,1.0752,537.6,A9,10,10.69726,-4.44495,9,2015,1
109,A9_4,A9_4,09/09/2015,BOUSSANRA I,CDC,126-3,gambiae,1.0464,523.2,A9,26,10.50926,-4.57797,9,2015,1
110,A9_5,A9_5,03/09/2014,FRIGARA,CDC,113a-3,gambiae,4.884,2442,A9,20,10.49796,-4.46115,9,2014,0
111,A9_6,A9_6,08/09/2014,SANHOUNOU,CDC,135-12,gambiae,3.12,1561.4,A9,12,10.67426,-4.59349,9,2014,1
112,A9_7,A9_7,12/09/2014,LOMBO,CDC,34-7,gambiae,4.6544,2327.2,A9,18,10.07051,-4.30001,9,2014,1
113,A9_8,A9_8,23/09/2014,KANKOUNADENI,CDC,1227-3,gambiae,1.8952,947.6,A9,36,10.48214,-4.61734,9,2014,0
114,B10_10,B10_10,16/09/2015,BOULO-KOMARA,CDC,141-3,gambiae,2.51,1255,B10,29,10.40929,-4.61967,9,2015,0
115,B10_11,B10_11,07/07/2015,BOUSSANRA I,CDC,020-3,gambiae,3.4308,1715.4,B10,26,10.50926,-4.57797,7,2015,1
116,B10_13,B10_13,24/07/2015,KOFLANDE,CDC,922-1,gambiae,2.606,1303,B10,37,10.23163,-4.4324,7,2015,0
117,B10_1,B10_1,15/08/2014,LOMBO,CDC,504-4,gambiae,1.23,615.6,B10,18,10.07051,-4.30001,8,2014,0
118,B10_2,B10_2,09/11/2015,DASSORPIRE,CDC,311-13,gambiae,2.22,1110.4,B10,12,10.67426,-4.59349,11,2015,1
119,B10_3,B10_3,03/09/2015,NATIERA,CDC,113b-4,gambiae,1.9728,986.4,B10,10,10.69726,-4.44495,9,2015,1
120,B10_4,B10_4,09/09/2015,BOUSSANRA I,CDC,126-12,gambiae,1.204,602,B10,26,10.50926,-4.57797,9,2015,1
121,B10_5,B10_5,03/09/2014,FRIGARA,CDC,113a-12,gambiae,2.5308,1265.4,B10,20,10.49796,-4.46115,9,2014,0
122,B10_6,B10_6,17/09/2014,SISRANKA,CDC,171-1,gambiae,2.27,1134.8,B10,29,10.40929,-4.61967,9,2014,0
123,B10_7,B10_7,12/09/2014,DANDOUGOU,CDC,41a-6,gambiae,1.5,750,B10,2,10.10211,-4.3382,9,2014,1
124,B10_8,B10_8,04/11/2014,KOFING,CDC,1826-2,gambiae,2.3956,1197.8,B10,9,10.20378,-4.39405,11,2014,1
125,B10_9,B10_9,10/09/2015,KOFLANDE,CDC,129-9,gambiae,2.7372,1368.6,B10,37,10.23163,-4.4324,9,2015,1
126,B1_10,B1_10,10/09/2015,BOUNOUBA,CDC,131-2,gambiae,4.8992,2449.6,B1,39,10.26145,-4.36408,9,2015,1
127,B11_10,B11_10,16/09/2015,BOULO-KOMARA,CDC,141-11,gambiae,3.2928,1646.4,B11,29,10.40929,-4.61967,9,2015,0
128,B11_11,B11_11,07/07/2015,BOUSSANRA I,CDC,020-11,gambiae,4.7244,2362.2,B11,26,10.50926,-4.57797,7,2015,1
129,B11_2,B11_2,09/11/2015,SANHOUNOU,CDC,3618-4,gambiae,1.74,868.4,B11,12,10.67426,-4.59349,11,2015,1
130,B11_3,B11_3,07/09/2015,SANHOUNOU,CDC,122-1,gambiae,4.808,2404,B11,12,10.67426,-4.59349,9,2015,1
131,B1_13,B1_13,14/07/2015,TIEFORA II,CDC,026-2,gambiae,7.2556,3627.8,B1,11,10.66015,-4.51636,7,2015,1
132,B11_4,B11_4,10/09/2015,KOFLANDE,CDC,130-1,gambiae,1.2264,613.2,B11,37,10.23163,-4.4324,9,2015,1
133,B11_5,B11_5,19/09/2014,BOLOMAKOTE,CDC,1167-1,gambiae,2.0304,1015.2,B11,9,10.20378,-4.39405,9,2014,1
134,B11_6,B11_6,17/09/2014,SISRANKA,CDC,171-9,gambiae,1.8,898,B11,29,10.40929,-4.61967,9,2014,0
135,B11_7,B11_7,12/09/2014,DANDOUGOU,CDC,41a-14,gambiae,2.2288,1114.4,B11,2,10.10211,-4.3382,9,2014,1
136,B12_6,B12_6,17/09/2014,SISRANKA,CDC,171-17,gambiae,1.82,912,B12,29,10.40929,-4.61967,9,2014,0
138,B1_3,B1_3,02/09/2015,YABLE I,CDC,106b-2,gambiae,5.1672,2583.6,B1,4,10.31913,-4.38869,9,2015,1
139,B1_4,B1_4,04/09/2015,SOBARA III,CDC,114-2,gambiae,1.544,772,B1,3,10.25882,-4.41593,9,2015,1
140,B1_5,B1_5,01/09/2014,KANGOUNABA II,CDC,104a-2,gambiae,2.336,1168,B1,1,10.58465,-4.54745,9,2014,1
141,B1_6,B1_6,03/09/2014,BAMAKO,CDC,117-2,gambiae,1.96,982.2,B1,20,10.49796,-4.46115,9,2014,0
142,B1_8,B1_8,17/09/2014,SISRANKA,CDC,170-2,gambiae,2.9564,1478.2,B1,29,10.40929,-4.61967,9,2014,0
143,B1_9,B1_9,05/11/2014,KANGOUNABA I,CDC,1840-2,gambiae,4.8448,2422.4,B1,9,10.20378,-4.39405,11,2014,1
144,B2_10,B2_10,10/09/2015,BOUNOUBA,CDC,131-10,gambiae,2.3532,1176.6,B2,39,10.26145,-4.36408,9,2015,1
145,B2_11,B2_11,01/07/2015,BAMAKO,CDC,444-3,gambiae,5.2552,2627.6,B2,20,10.49796,-4.46115,7,2015,1
146,B2_12,B2_12,09/07/2015,BOUNOUBA,CDC,022-4,gambiae,4.4248,2212.4,B2,39,10.26145,-4.36408,7,2015,0
147,B2_1,B2_1,23/07/2014,SAKORA I,CDC,237-6,gambiae,2.4,1202.4,B2,29,10.40929,-4.61967,7,2014,0
148,B2_2,B2_2,02/11/2015,KANKOUNABA II,CDC,302-10,gambiae,3.83,1916.4,B2,1,10.58465,-4.54745,11,2015,1
149,B2_3,B2_3,02/09/2015,YABLE I,CDC,106b-10,gambiae,4.152,2076,B2,4,10.31913,-4.38869,9,2015,1
150,B2_4,B2_4,04/09/2015,SOBARA III,CDC,114-10,gambiae,1.5488,774.4,B2,3,10.25882,-4.41593,9,2015,1
151,B2_5,B2_5,01/09/2014,KANGOUNABA II,CDC,104a-10,gambiae,2.0996,1049.8,B2,1,10.58465,-4.54745,9,2014,1
152,B2_7,B2_7,09/09/2014,BOUSSANRA I,CDC,139a-10,gambiae,2.3328,1166.4,B2,26,10.50926,-4.57797,9,2014,0
153,B2_8,B2_8,19/09/2014,BOLOMAKOTE,CDC,195-1,gambiae,3.2968,1648.4,B2,9,10.20378,-4.39405,9,2014,1
154,B2_9,B2_9,05/11/2014,NATIERA,CDC,357-1,gambiae,7.252,3626,B2,10,10.69726,-4.44495,11,2014,1
155,B3_10,B3_10,10/09/2015,BOUNOUBA,CDC,131-18,gambiae,2.6528,1326.4,B3,39,10.26145,-4.36408,9,2015,1
156,B3_11,B3_11,01/07/2015,BAMAKO,CDC,017-5,gambiae,6.3036,3151.8,B3,20,10.49796,-4.46115,7,2015,1
157,B3_12,B3_12,09/07/2015,BOUNOUBA,CDC,591-1,gambiae,6.1744,3087.2,B3,39,10.26145,-4.36408,7,2015,0
158,B3_13,B3_13,14/07/2015,TIEFORA II,CDC,027-6,gambiae,6.3564,3178.2,B3,11,10.66015,-4.51636,7,2015,1
159,B3_14,B3_14,10/09/2015,BOLOMAKOTE,CDC,157-18,gambiae,6.4856,3242.8,B3,9,10.20378,-4.39405,9,2015,1
160,B3_1,B3_1,23/07/2014,SISRANKA,CDC,241-3,gambiae,1.91,956.4,B3,29,10.40929,-4.61967,7,2014,0
161,B3_2,B3_2,02/11/2015,KANKOUNABA II,CDC,302-18,gambiae,2.57,1285.6,B3,1,10.58465,-4.54745,11,2015,1
162,B3_3,B3_3,02/09/2015,BAMAKO,CDC,107b-6,gambiae,6.0592,3029.6,B3,20,10.49796,-4.46115,9,2015,1
163,B3_4,B3_4,04/09/2015,SOBARA III,CDC,114-18,gambiae,3.8072,1903.6,B3,3,10.25882,-4.41593,9,2015,1
164,B3_5,B3_5,01/09/2014,KANGOUNABA II,CDC,105-5,gambiae,2.6712,1335.6,B3,1,10.58465,-4.54745,9,2014,1
165,B3_6,B3_6,07/09/2014,SOBARA II,CDC,123a-7,gambiae,1.65,824.4,B3,3,10.25882,-4.41593,9,2014,1
166,B3_7,B3_7,09/09/2014,BOUSSANRA I,CDC,139a-18,gambiae,3.352,1676,B3,26,10.50926,-4.57797,9,2014,0
167,B3_8,B3_8,19/09/2014,BOLOMAKOTE,CDC,195-9,gambiae,4.406,2203,B3,9,10.20378,-4.39405,9,2014,1
168,B3_9,B3_9,05/11/2014,NATIERA,CDC,357-9,gambiae,3.9728,1986.4,B3,10,10.69726,-4.44495,11,2014,1
169,B4_11,B4_11,01/07/2015,BAMAKO,CDC,017-13,gambiae,6.4372,3218.6,B4,20,10.49796,-4.46115,7,2015,1
170,B4_13,B4_13,16/07/2015,SOBARA II,CDC,029-5,gambiae,4.14,2070,B4,3,10.25882,-4.41593,7,2015,1
171,B4_1,B4_1,25/07/2014,KOFING,CDC,51a-5,gambiae,3.33,1666,B4,9,10.20378,-4.39405,7,2014,1
172,B4_3,B4_3,02/09/2015,BAMAKO,CDC,107b-14,gambiae,3.1328,1566.4,B4,20,10.49796,-4.46115,9,2015,1
173,B4_4,B4_4,07/09/2015,DASSORPIRE,CDC,119-4,gambiae,1.3056,652.8,B4,12,10.67426,-4.59349,9,2015,1
174,B4_5,B4_5,01/09/2014,MOSSIBOUGOU,CDC,106a-6,gambiae,3.2072,1603.6,B4,10,10.69726,-4.44495,9,2014,1
175,B4_8,B4_8,19/09/2014,KOFLANDE,CDC,209-2,gambiae,3.5848,1792.4,B4,37,10.23163,-4.4324,9,2014,0
176,B4_9,B4_9,05/11/2014,NATIERA,CDC,357-17,gambiae,5.1908,2595.4,B4,10,10.69726,-4.44495,11,2014,1
177,B5_11,B5_11,01/07/2015,BAMAKO,CDC,442-2,gambiae,6.7536,3376.8,B5,20,10.49796,-4.46115,7,2015,1
178,B5_12,B5_12,12/07/2015,KANKOUNABA II,CDC,024-2,gambiae,7.5824,3791.2,B5,1,10.58465,-4.54745,7,2015,1
179,B5_13,B5_13,16/07/2015,SOBARA II,CDC,029-12,gambiae,2.774,1387,B5,3,10.25882,-4.41593,7,2015,1
180,B5_1,B5_1,25/07/2014,KOFING,CDC,51a-13,gambiae,3.13,1567.2,B5,9,10.20378,-4.39405,7,2014,1
181,B5_3,B5_3,02/09/2015,FRIGARA,CDC,108-1,gambiae,5.184,2592,B5,20,10.49796,-4.46115,9,2015,1
182,B5_4,B5_4,07/09/2015,DASSORPIRE,CDC,119-12,gambiae,1.1072,553.6,B5,12,10.67426,-4.59349,9,2015,1
183,B5_5,B5_5,01/09/2014,MOSSIBOUGOU,CDC,106a-14,gambiae,1.7504,875.2,B5,10,10.69726,-4.44495,9,2014,1
184,B5_6,B5_6,08/09/2014,TIEFORA II,CDC,132a-3,gambiae,3.28,1637.8,B5,11,10.66015,-4.51636,9,2014,1
185,B5_7,B5_7,11/09/2014,BOUNOUBA,CDC,1019-2,gambiae,3.3512,1675.6,B5,39,10.26145,-4.36408,9,2014,0
186,B5_8,B5_8,19/09/2014,KOFLANDE,CDC,209-10,gambiae,4.5636,2281.8,B5,37,10.23163,-4.4324,9,2014,0
187,B5_9,B5_9,06/11/2014,BAMAKO,CDC,1856-3,gambiae,5.0492,2524.6,B5,20,10.49796,-4.46115,11,2014,0
188,B6_10,B6_10,11/09/2015,KIESSE(KEHINSA),CDC,134-13,gambiae,2.4856,1242.8,B6,2,10.10211,-4.3382,9,2015,1
189,B6_12,B6_12,12/07/2015,KANKOUNABA II,CDC,024-10,gambiae,3.0696,1534.8,B6,1,10.58465,-4.54745,7,2015,1
190,B6_13,B6_13,21/07/2015,SISRANKA,CDC,852-4,gambiae,5.7272,2863.6,B6,39,10.26145,-4.36408,7,2015,0
191,B6_1,B6_1,30/07/2014,KANKOUNADENI,CDC,53a-1,gambiae,2.04,1021.2,B6,36,10.48214,-4.61734,7,2014,0
192,B6_3,B6_3,03/09/2015,KANGOUNABA I,CDC,109-4,gambiae,3.96,1980,B6,1,10.58465,-4.54745,9,2015,1
193,B6_4,B6_4,07/09/2015,TIEFORA II,CDC,123b-3,gambiae,1.3032,651.6,B6,11,10.66015,-4.51636,9,2015,1
194,B6_5,B6_5,01/09/2014,MOSSIBOUGOU,CDC,785-1,gambiae,2.8164,1408.2,B6,10,10.69726,-4.44495,9,2014,1
195,B6_7,B6_7,12/09/2014,LOMBO,CDC,34-2,gambiae,3.2616,1630.8,B6,18,10.07051,-4.30001,9,2014,1
196,B6_8,B6_8,19/09/2014,KOFLANDE,CDC,209-18,gambiae,3.502,1751,B6,37,10.23163,-4.4324,9,2014,0
197,B7_10,B7_10,11/09/2015,LOMBO,CDC,136-8,gambiae,2.2484,1124.2,B7,18,10.07051,-4.30001,9,2015,1
198,B7_12,B7_12,12/07/2015,MOSSIBOUGOU,CDC,629-1,gambiae,3.964,1982,B7,10,10.69726,-4.44495,7,2015,1
199,B7_13,B7_13,24/07/2015,BAKARIDJAN II,CDC,915-1,gambiae,3.1436,1571.8,B7,9,10.20378,-4.39405,7,2015,1
200,B7_1,B7_1,30/07/2014,KANKOUNADENI,CDC,53a-9,gambiae,1.42,709.2,B7,36,10.48214,-4.61734,7,2014,0
201,B7_2,B7_2,09/11/2015,PONT MAURICE,CDC,310-8,gambiae,1.76,878.4,B7,11,10.66015,-4.51636,11,2015,1
202,B7_3,B7_3,03/09/2015,KANGOUNABA I,CDC,109-12,gambiae,3.8,1900,B7,1,10.58465,-4.54745,9,2015,1
203,B7_4,B7_4,07/09/2015,TIEFORA II,CDC,123b-11,gambiae,1.452,726,B7,11,10.66015,-4.51636,9,2015,1
204,B7_5,B7_5,03/09/2014,BOUNOUMBA,CDC,111a-7,gambiae,4.6636,2331.8,B7,4,10.31913,-4.38869,9,2014,1
205,B7_6,B7_6,08/09/2014,TIEFORA II,CDC,132a-19,gambiae,3.01,1506.4,B7,11,10.66015,-4.51636,9,2014,1
206,B7_7,B7_7,12/09/2014,LOMBO,CDC,34-10,gambiae,5.7496,2874.8,B7,18,10.07051,-4.30001,9,2014,1
207,B7_8,B7_8,23/09/2014,KANKOUNADENI,CDC,223-5,gambiae,5.0148,2507.4,B7,36,10.48214,-4.61734,9,2014,0
208,B7_9,B7_9,10/11/2014,PONT MAURICE,CDC,360-16,gambiae,3.4608,1730.4,B7,11,10.66015,-4.51636,11,2014,1
209,B8_10,B8_10,11/09/2015,LOMBO,CDC,136-16,gambiae,4.0368,2018.4,B8,18,10.07051,-4.30001,9,2015,1
210,B8_11,B8_11,01/07/2015,YABLE I,CDC,541-3,gambiae,3.3736,1686.8,B8,4,10.31913,-4.38869,7,2015,1
211,B8_12,B8_12,12/07/2015,NATIERA,CDC,657-7,gambiae,3.6784,1839.2,B8,10,10.69726,-4.44495,7,2015,1
212,B8_13,B8_13,24/07/2015,BAKARIDJAN I,CDC,906-1,gambiae,4.2584,2129.2,B8,9,10.20378,-4.39405,7,2015,1
213,B8_1,B8_1,30/07/2014,KANKOUNADENI,CDC,280-1,gambiae,1.66,828,B8,36,10.48214,-4.61734,7,2014,0
214,B8_2,B8_2,09/11/2015,PONT MAURICE,CDC,310-16,gambiae,1.74,872.4,B8,11,10.66015,-4.51636,11,2015,1
215,B8_3,B8_3,03/09/2015,KANGOUNABA I,CDC,111b-7,gambiae,1.7352,867.6,B8,1,10.58465,-4.54745,9,2015,1
216,B8_4,B8_4,07/09/2015,TIEFORA II,CDC,125-3,gambiae,1.048,524,B8,11,10.66015,-4.51636,9,2015,1
217,B8_5,B8_5,03/09/2014,BOUNOUMBA,CDC,112a-8,gambiae,3.5672,1783.6,B8,4,10.31913,-4.38869,9,2014,1
218,B8_6,B8_6,08/09/2014,SANHOUNOU,CDC,135-5,gambiae,2.31,1155.6,B8,12,10.67426,-4.59349,9,2014,1
219,B8_7,B8_7,12/09/2014,LOMBO,CDC,34-18,gambiae,3.084,1542,B8,18,10.07051,-4.30001,9,2014,1
220,B8_9,B8_9,10/09/2015,KOFING,CDC,128-6,gambiae,6.4888,3244.4,B8,9,10.20378,-4.39405,9,2015,1
221,B9_10,B9_10,16/09/2015,SISRANKA,CDC,139b-6,gambiae,2.2232,1111.6,B9,29,10.40929,-4.61967,9,2015,0
222,B9_11,B9_11,07/07/2015,KANKOUNADENI,CDC,519-1,gambiae,4.7024,2351.2,B9,36,10.48214,-4.61734,7,2015,0
223,B9_12,B9_12,14/07/2015,SANHOUROU,CDC,028-1,gambiae,4.2232,2111.6,B9,12,10.67426,-4.59349,7,2015,1
224,B9_13,B9_13,24/07/2015,BOLOMAKOTE,CDC,924-3,gambiae,2.652,1326,B9,37,10.23163,-4.4324,7,2015,0
225,B9_1,B9_1,15/08/2014,LOMBO,CDC,501-1,gambiae,1.93,964,B9,18,10.07051,-4.30001,8,2014,0
226,B9_2,B9_2,09/11/2015,DASSORPIRE,CDC,311-5,gambiae,2.35,1173.6,B9,12,10.67426,-4.59349,11,2015,1
227,B9_4,B9_4,09/09/2015,BOUSSANRA I,CDC,126-4,gambiae,1.556,778,B9,26,10.50926,-4.57797,9,2015,1
228,B9_5,B9_5,03/09/2014,FRIGARA,CDC,113a-4,gambiae,3.9836,1991.8,B9,20,10.49796,-4.46115,9,2014,0
229,B9_6,B9_6,08/09/2014,SANHOUNOU,CDC,135-13,gambiae,4.66,2332,B9,12,10.67426,-4.59349,9,2014,1
230,B9_8,B9_8,23/09/2014,KANKOUNADENI,CDC,1227-4,gambiae,3.2216,1610.8,B9,36,10.48214,-4.61734,9,2014,0
231,B9_9,B9_9,10/09/2015,KOFLANDE,CDC,129-1,gambiae,3.1068,1553.4,B9,37,10.23163,-4.4324,9,2015,1
232,bf_1019_1,A5_7,11/09/2014,BOUNOUBA,CDC,1019-1,gambiae,4.428,2214,A5,39,10.26145,-4.36408,9,2014,0
233,bf_1019_4,D5_7,11/09/2014,BOUNOUBA,CDC,1019-4,gambiae,4.8856,2442.8,D5,39,10.26145,-4.36408,9,2014,0
234,bf_1019_6,F5_7,11/09/2014,BOUNOUBA,CDC,1019-6,gambiae,4.9976,2498.8,F5,39,10.26145,-4.36408,9,2014,0
235,bf_123a_10,E3_6,07/09/2014,SOBARA II,CDC,123a-10,gambiae,3.42,1708.8,E3,3,10.25882,-4.41593,9,2014,1
236,bf_123a_11,F3_6,07/09/2014,SOBARA II,CDC,123a-11,gambiae,3.03,1513,F3,3,10.25882,-4.41593,9,2014,1
237,bf_123a_15,B4_6,07/09/2014,SOBARA II,CDC,123a-15,gambiae,3.03,1514.2,B4,3,10.25882,-4.41593,9,2014,1
238,bf_123a_16,C4_6,07/09/2014,SOBARA II,CDC,123a-16,gambiae,3.26,1627.6,C4,3,10.25882,-4.41593,9,2014,1
239,bf_123a_17,D4_6,07/09/2014,SOBARA II,CDC,123a-17,gambiae,4.35,2176.4,D4,3,10.25882,-4.41593,9,2014,1
240,bf_123a_18,E4_6,07/09/2014,SOBARA II,CDC,123a-18,gambiae,5.58,2789,E4,3,10.25882,-4.41593,9,2014,1
241,bf_123a_2,A5_6,08/09/2014,TIEFORA II,CDC,132a-2,gambiae,1.97,987.2,A5,11,10.66015,-4.51636,9,2014,1
242,bf_123a_3,B5_6,08/09/2014,TIEFORA II,CDC,132a-3,gambiae,3.28,1637.8,B5,11,10.66015,-4.51636,9,2014,1
243,bf_123a_4,C5_6,08/09/2014,TIEFORA II,CDC,132a-4,gambiae,1.99,994.2,C5,11,10.66015,-4.51636,9,2014,1
244,bf_123a_5,D5_6,08/09/2014,TIEFORA II,CDC,132a-5,gambiae,2.51,1256.6,D5,11,10.66015,-4.51636,9,2014,1
245,bf_133_2,C4_10,11/09/2015,DANDOUGOU,CDC,133-2,gambiae,4.7928,2396.4,C4,2,10.10211,-4.3382,9,2015,1
246,bf_134_5,B5_10,11/09/2015,KIESSE(KEHINSA),CDC,134-5,gambiae,4.398,2199,B5,2,10.10211,-4.3382,9,2015,1
247,bf_134_6,C5_10,11/09/2015,KIESSE(KEHINSA),CDC,134-6,gambiae,3.2128,1606.4,C5,2,10.10211,-4.3382,9,2015,1
248,bf_28a_10,F4_7,11/09/2014,BOUNOUBA,CDC,28a-10,gambiae,4.2768,2138.4,F4,39,10.26145,-4.36408,9,2014,0
249,bf_28a_2,F3_7,11/09/2014,BOUNOUBA,CDC,28a-2,gambiae,5.7128,2856.4,F3,39,10.26145,-4.36408,9,2014,0
250,bf_28a_3,G3_7,11/09/2014,BOUNOUBA,CDC,28a-3,gambiae,7.7496,3874.8,G3,39,10.26145,-4.36408,9,2014,0
251,bf_28a_6,B4_7,11/09/2014,BOUNOUBA,CDC,28a-6,gambiae,5.092,2546,B4,39,10.26145,-4.36408,9,2014,0
252,bf_28a_7,C4_7,11/09/2014,BOUNOUBA,CDC,28a-7,gambiae,5.332,2666,C4,39,10.26145,-4.36408,9,2014,0
253,bf_28a_8,D4_7,11/09/2014,BOUNOUBA,CDC,28a-8,gambiae,5.4008,2700.4,D4,39,10.26145,-4.36408,9,2014,0
254,bf_28a_9,E4_7,11/09/2014,BOUNOUBA,CDC,28a-9,gambiae,5.848,2924,E4,39,10.26145,-4.36408,9,2014,0
255,bf_418_1,D5_11,01/07/2015,YABLE I,CDC,418-1,gambiae,6.5816,3290.8,D5,4,10.31913,-4.38869,7,2015,1
256,bf_424_1,E5_11,01/07/2015,YABLE I,CDC,424-1,gambiae,4.6268,2313.4,E5,4,10.31913,-4.38869,7,2015,1
257,bf_424_3,G5_11,01/07/2015,YABLE I,CDC,424-3,gambiae,4.4836,2241.8,G5,4,10.31913,-4.38869,7,2015,1
258,bf_424_5,A6_11,01/07/2015,YABLE I,CDC,424-5,gambiae,8.9504,4475.2,A6,4,10.31913,-4.38869,7,2015,1
259,bf_427_1,C6_11,01/07/2015,YABLE I,CDC,427-1,gambiae,5.5352,2767.6,C6,4,10.31913,-4.38869,7,2015,1
260,bf_427_3,E6_11,01/07/2015,YABLE I,CDC,427-3,gambiae,9.1428,4571.4,E6,4,10.31913,-4.38869,7,2015,1
261,bf_428_2,D7_11,01/07/2015,BOUNOUMBA,CDC,428-2,gambiae,4.8276,2413.8,D7,4,10.31913,-4.38869,7,2015,1
262,bf_542_2,H6_11,01/07/2015,YABLE I,CDC,542-2,gambiae,8.766,4383,H6,4,10.31913,-4.38869,7,2015,1
263,bf_542_3,A7_11,01/07/2015,YABLE I,CDC,542-3,gambiae,15.934,7967,A7,4,10.31913,-4.38869,7,2015,1
264,bf_89_2,A11_9,11/09/2015,DANDOUGOU,CDC,89-2,gambiae,4.118,2059,A11,2,10.10211,-4.3382,9,2015,1
265,bf_89_3,B11_9,11/09/2015,DANDOUGOU,CDC,89-3,gambiae,7.8732,3936.6,B11,2,10.10211,-4.3382,9,2015,1
266,bf_89_4,C11_9,11/09/2015,DANDOUGOU,CDC,89-4,gambiae,7.6628,3831.4,C11,2,10.10211,-4.3382,9,2015,1
267,bf_89_5,D11_9,11/09/2015,DANDOUGOU,CDC,89-5,gambiae,6.3764,3188.2,D11,2,10.10211,-4.3382,9,2015,1
268,bf_89_6,E11_9,11/09/2015,DANDOUGOU,CDC,89-6,gambiae,4.682,2341,E11,2,10.10211,-4.3382,9,2015,1
269,bf_89_7,F11_9,11/09/2015,DANDOUGOU,CDC,89-7,gambiae,7.6852,3842.6,F11,2,10.10211,-4.3382,9,2015,1
270,bf_89_9,H11_9,11/09/2015,DANDOUGOU,CDC,89-9,gambiae,3.4868,1743.4,H11,2,10.10211,-4.3382,9,2015,1
271,C10_10,C10_10,16/09/2015,BOULO-KOMARA,CDC,141-4,gambiae,2.8232,1411.6,C10,29,10.40929,-4.61967,9,2015,0
272,C10_11,C10_11,07/07/2015,BOUSSANRA I,CDC,020-4,gambiae,3.6692,1834.6,C10,26,10.50926,-4.57797,7,2015,1
273,C10_12,C10_12,14/07/2015,SANHOUROU,CDC,028-10,gambiae,4.2976,2148.8,C10,12,10.67426,-4.59349,7,2015,1
274,C10_2,C10_2,09/11/2015,DASSORPIRE,CDC,311-14,gambiae,2.38,1192.4,C10,12,10.67426,-4.59349,11,2015,1
275,C10_4,C10_4,09/09/2015,BOUSSANRA I,CDC,126-13,gambiae,1.3616,680.8,C10,26,10.50926,-4.57797,9,2015,1
276,C10_5,C10_5,03/09/2014,FRIGARA,CDC,113a-13,gambiae,2.8608,1430.4,C10,20,10.49796,-4.46115,9,2014,0
277,C10_6,C10_6,17/09/2014,SISRANKA,CDC,171-2,gambiae,4.08,2042.2,C10,29,10.40929,-4.61967,9,2014,0
278,C10_8,C10_8,04/11/2014,KOFING,CDC,1826-3,gambiae,3.3852,1692.6,C10,9,10.20378,-4.39405,11,2014,1
279,C10_9,C10_9,10/09/2015,KOFLANDE,CDC,129-10,gambiae,6.6964,3348.2,C10,37,10.23163,-4.4324,9,2015,1
280,C1_10,C1_10,10/09/2015,BOUNOUBA,CDC,131-3,gambiae,8.512,4256,C1,39,10.26145,-4.36408,9,2015,1
281,C11_10,C11_10,16/09/2015,BOULO-KOMARA,CDC,141-12,gambiae,5.704,2852,C11,29,10.40929,-4.61967,9,2015,0
282,C11_1,C11_1,15/08/2014,LOMBO,CDC,515-2,gambiae,2.87,1434.4,C11,18,10.07051,-4.30001,8,2014,0
283,C11_2,C11_2,16/09/2015,SISRANKA,CDC,140-1,gambiae,1.79,896.8,C11,29,10.40929,-4.61967,9,2015,0
284,C11_3,C11_3,07/09/2015,SANHOUNOU,CDC,122-2,gambiae,1.7784,889.2,C11,12,10.67426,-4.59349,9,2015,1
285,C1_13,C1_13,14/07/2015,TIEFORA II,CDC,026-3,gambiae,5.7016,2850.8,C1,11,10.66015,-4.51636,7,2015,1
286,C11_4,C11_4,10/09/2015,KOFLANDE,CDC,130-2,gambiae,2.3528,1176.4,C11,37,10.23163,-4.4324,9,2015,1
287,C11_5,C11_5,19/09/2014,BOLOMAKOTE,CDC,1167-2,gambiae,2.4028,1201.4,C11,9,10.20378,-4.39405,9,2014,1
288,C11_7,C11_7,12/09/2014,DANDOUGOU,CDC,41a-15,gambiae,2.8296,1414.8,C11,2,10.10211,-4.3382,9,2014,1
289,C1_2,C1_2,02/11/2015,KANKOUNABA II,CDC,302-3,gambiae,2.43,1215.2,C1,1,10.58465,-4.54745,11,2015,1
290,C1_3,C1_3,02/09/2015,YABLE I,CDC,106b-3,gambiae,3.8384,1919.2,C1,4,10.31913,-4.38869,9,2015,1
291,C1_4,C1_4,04/09/2015,SOBARA III,CDC,114-3,gambiae,1.608,804,C1,3,10.25882,-4.41593,9,2015,1
292,C1_6,C1_6,03/09/2014,BAMAKO,CDC,117-3,gambiae,2.29,1144.4,C1,20,10.49796,-4.46115,9,2014,0
293,C1_8,C1_8,17/09/2014,SISRANKA,CDC,170-3,gambiae,3.63,1815,C1,29,10.40929,-4.61967,9,2014,0
294,C1_9,C1_9,05/11/2014,KANGOUNABA I,CDC,1840-3,gambiae,8.284,4142,C1,9,10.20378,-4.39405,11,2014,1
295,C2_10,C2_10,10/09/2015,BOUNOUBA,CDC,131-11,gambiae,3.244,1622,C2,39,10.26145,-4.36408,9,2015,1
296,C2_11,C2_11,01/07/2015,BAMAKO,CDC,556-1,gambiae,4.2008,2100.4,C2,20,10.49796,-4.46115,7,2015,1
297,C2_12,C2_12,09/07/2015,BOUNOUBA,CDC,022-5,gambiae,10.8016,5400.8,C2,39,10.26145,-4.36408,7,2015,0
298,C2_13,C2_13,14/07/2015,TIEFORA II,CDC,026-11,gambiae,3.7316,1865.8,C2,11,10.66015,-4.51636,7,2015,1
299,C2_14,C2_14,10/09/2015,BOLOMAKOTE,CDC,157-11,gambiae,3.4292,1714.6,C2,9,10.20378,-4.39405,9,2015,1
300,C2_1,C2_1,23/07/2014,SAKORA I,CDC,238-1,gambiae,1.83,913.6,C2,29,10.40929,-4.61967,7,2014,0
301,C2_2,C2_2,02/11/2015,KANKOUNABA II,CDC,302-11,gambiae,2.33,1166,C2,1,10.58465,-4.54745,11,2015,1
302,C2_3,C2_3,02/09/2015,YABLE I,CDC,106b-11,gambiae,2.592,1296,C2,4,10.31913,-4.38869,9,2015,1
303,C2_4,C2_4,04/09/2015,SOBARA III,CDC,114-11,gambiae,2.7568,1378.4,C2,3,10.25882,-4.41593,9,2015,1
304,C2_5,C2_5,01/09/2014,KANGOUNABA II,CDC,104a-11,gambiae,3.4264,1713.2,C2,1,10.58465,-4.54745,9,2014,1
305,C2_6,C2_6,03/09/2014,BAMAKO,CDC,117-11,gambiae,3.28,1641.2,C2,20,10.49796,-4.46115,9,2014,0
306,C2_7,C2_7,09/09/2014,BOUSSANRA I,CDC,139a-11,gambiae,2.0976,1048.8,C2,26,10.50926,-4.57797,9,2014,0
307,C2_8,C2_8,19/09/2014,BOLOMAKOTE,CDC,195-2,gambiae,2.9536,1476.8,C2,9,10.20378,-4.39405,9,2014,1
308,C2_9,C2_9,05/11/2014,NATIERA,CDC,357-2,gambiae,6.8852,3442.6,C2,10,10.69726,-4.44495,11,2014,1
309,C3_10,C3_10,10/09/2015,BOUNOUBA,CDC,131-19,gambiae,2.8856,1442.8,C3,39,10.26145,-4.36408,9,2015,1
310,C3_12,C3_12,09/07/2015,BOUNOUBA,CDC,581-1,gambiae,9.1584,4579.2,C3,39,10.26145,-4.36408,7,2015,0
311,C3_13,C3_13,14/07/2015,TIEFORA II,CDC,027-7,gambiae,10.9544,5477.2,C3,11,10.66015,-4.51636,7,2015,1
312,C3_1,C3_1,23/07/2014,SISRANKA,CDC,241-4,gambiae,2.21,1102.8,C3,29,10.40929,-4.61967,7,2014,0
313,C3_2,C3_2,02/11/2015,KANKOUNABA II,CDC,302-19,gambiae,1.89,945.6,C3,1,10.58465,-4.54745,11,2015,1
314,C3_3,C3_3,02/09/2015,BAMAKO,CDC,107b-7,gambiae,5.0104,2505.2,C3,20,10.49796,-4.46115,9,2015,1
315,C3_4,C3_4,04/09/2015,SOBARA III,CDC,116-1,gambiae,1.8152,907.6,C3,3,10.25882,-4.41593,9,2015,1
316,C3_5,C3_5,01/09/2014,KANGOUNABA II,CDC,105-6,gambiae,2.3152,1157.6,C3,1,10.58465,-4.54745,9,2014,1
317,C3_6,C3_6,07/09/2014,SOBARA II,CDC,123a-8,gambiae,2.22,1109.4,C3,3,10.25882,-4.41593,9,2014,1
318,C3_7,C3_7,09/09/2014,BOUSSANRA I,CDC,139a-19,gambiae,2.6176,1308.8,C3,26,10.50926,-4.57797,9,2014,0
319,C3_8,C3_8,19/09/2014,BOLOMAKOTE,CDC,195-10,gambiae,4.962,2481,C3,9,10.20378,-4.39405,9,2014,1
320,C3_9,C3_9,05/11/2014,NATIERA,CDC,357-10,gambiae,3.2696,1634.8,C3,10,10.69726,-4.44495,11,2014,1
321,C4_13,C4_13,16/07/2015,SOBARA II,CDC,029-6,gambiae,2.8596,1429.8,C4,3,10.25882,-4.41593,7,2015,1
322,C4_14,C4_14,10/09/2015,BOLOMAKOTE,CDC,157-27,gambiae,3.8844,1942.2,C4,9,10.20378,-4.39405,9,2015,1
323,C4_1,C4_1,25/07/2014,KOFING,CDC,51a-6,gambiae,2.23,1113.2,C4,9,10.20378,-4.39405,7,2014,1
324,C4_3,C4_3,02/09/2015,BAMAKO,CDC,107b-15,gambiae,3.44,1720,C4,20,10.49796,-4.46115,9,2015,1
325,C4_4,C4_4,07/09/2015,DASSORPIRE,CDC,119-5,gambiae,1.3816,690.8,C4,12,10.67426,-4.59349,9,2015,1
326,C4_8,C4_8,19/09/2014,KOFLANDE,CDC,209-3,gambiae,3.3976,1698.8,C4,37,10.23163,-4.4324,9,2014,0
327,C4_9,C4_9,06/11/2014,FRIGARA,CDC,1863-1,gambiae,6.604,3302,C4,20,10.49796,-4.46115,11,2014,0
328,C5_12,C5_12,12/07/2015,KANKOUNABA II,CDC,024-3,gambiae,11.3064,5653.2,C5,1,10.58465,-4.54745,7,2015,1
329,C5_13,C5_13,16/07/2015,SOBARA II,CDC,029-13,gambiae,2.4788,1239.4,C5,3,10.25882,-4.41593,7,2015,1
330,C5_1,C5_1,25/07/2014,KOFING,CDC,51a-14,gambiae,2.84,1418.4,C5,9,10.20378,-4.39405,7,2014,1
331,C5_3,C5_3,02/09/2015,FRIGARA,CDC,108-2,gambiae,4.4736,2236.8,C5,20,10.49796,-4.46115,9,2015,1
332,C5_4,C5_4,07/09/2015,DASSORPIRE,CDC,119-13,gambiae,1.4096,704.8,C5,12,10.67426,-4.59349,9,2015,1
333,C5_5,C5_5,01/09/2014,MOSSIBOUGOU,CDC,106a-15,gambiae,4.5816,2290.8,C5,10,10.69726,-4.44495,9,2014,1
334,C5_6,C5_6,08/09/2014,TIEFORA II,CDC,132a-4,gambiae,1.99,994.2,C5,11,10.66015,-4.51636,9,2014,1
335,C5_7,C5_7,11/09/2014,BOUNOUBA,CDC,1019-3,gambiae,3.3656,1682.8,C5,39,10.26145,-4.36408,9,2014,0
336,C5_8,C5_8,19/09/2014,KOFLANDE,CDC,209-11,gambiae,3.52,1760,C5,37,10.23163,-4.4324,9,2014,0
337,C5_9,C5_9,10/11/2014,PONT MAURICE,CDC,360-1,gambiae,3.4212,1710.6,C5,11,10.66015,-4.51636,11,2014,1
338,C6_10,C6_10,11/09/2015,LOMBO,CDC,136-1,gambiae,8.4708,4235.4,C6,18,10.07051,-4.30001,9,2015,1
339,C6_12,C6_12,12/07/2015,KANKOUNABA II,CDC,024-11,gambiae,9.88,4940,C6,1,10.58465,-4.54745,7,2015,1
340,C6_13,C6_13,21/07/2015,SISRANKA,CDC,854-1,gambiae,4.2812,2140.6,C6,39,10.26145,-4.36408,7,2015,0
341,C6_1,C6_1,30/07/2014,KANKOUNADENI,CDC,53a-2,gambiae,3.19,1593.6,C6,36,10.48214,-4.61734,7,2014,0
342,C6_2,C6_2,09/11/2015,PONT MAURICE,CDC,310-1,gambiae,2.2,1101.4,C6,11,10.66015,-4.51636,11,2015,1
343,C6_3,C6_3,03/09/2015,KANGOUNABA I,CDC,109-5,gambiae,2.1608,1080.4,C6,1,10.58465,-4.54745,9,2015,1
344,C6_4,C6_4,07/09/2015,TIEFORA II,CDC,123b-4,gambiae,3.3224,1661.2,C6,11,10.66015,-4.51636,9,2015,1
345,C6_6,C6_6,08/09/2014,TIEFORA II,CDC,132a-12,gambiae,7.06,3530.2,C6,11,10.66015,-4.51636,9,2014,1
346,C6_7,C6_7,12/09/2014,LOMBO,CDC,34-3,gambiae,3.1128,1556.4,C6,18,10.07051,-4.30001,9,2014,1
347,C6_8,C6_8,19/09/2014,KOFLANDE,CDC,209-19,gambiae,3.2912,1645.6,C6,37,10.23163,-4.4324,9,2014,0
348,C6_9,C6_9,10/11/2014,PONT MAURICE,CDC,360-9,gambiae,7.5764,3788.2,C6,11,10.66015,-4.51636,11,2014,1
349,C7_10,C7_10,11/09/2015,LOMBO,CDC,136-9,gambiae,3.5348,1767.4,C7,18,10.07051,-4.30001,9,2015,1
350,C7_11,C7_11,01/07/2015,BOUNOUMBA,CDC,428-1,gambiae,0.0388,19.4,C7,4,10.31913,-4.38869,7,2015,1
351,C7_13,C7_13,24/07/2015,BAKARIDJAN II,CDC,909-1,gambiae,2.8,1400,C7,9,10.20378,-4.39405,7,2015,1
352,C7_1,C7_1,30/07/2014,KANKOUNADENI,CDC,53a-10,gambiae,3.24,1620,C7,36,10.48214,-4.61734,7,2014,0
353,C7_2,C7_2,09/11/2015,PONT MAURICE,CDC,310-9,gambiae,1.52,758.2,C7,11,10.66015,-4.51636,11,2015,1
354,C7_3,C7_3,03/09/2015,KANGOUNABA I,CDC,109-13,gambiae,4.056,2028,C7,1,10.58465,-4.54745,9,2015,1
355,C7_4,C7_4,07/09/2015,TIEFORA II,CDC,123b-12,gambiae,1.8488,924.4,C7,11,10.66015,-4.51636,9,2015,1
356,C7_6,C7_6,08/09/2014,TIEFORA II,CDC,132a-20,gambiae,4.32,2159.6,C7,11,10.66015,-4.51636,9,2014,1
357,C7_7,C7_7,12/09/2014,LOMBO,CDC,34-11,gambiae,3.9608,1980.4,C7,18,10.07051,-4.30001,9,2014,1
358,C7_8,C7_8,23/09/2014,KANKOUNADENI,CDC,223-6,gambiae,3.4824,1741.2,C7,36,10.48214,-4.61734,9,2014,0
359,C7_9,C7_9,10/11/2014,PONT MAURICE,CDC,360-17,gambiae,6.878,3439,C7,11,10.66015,-4.51636,11,2014,1
360,C8_10,C8_10,11/09/2015,LOMBO,CDC,136-17,gambiae,1.7172,858.6,C8,18,10.07051,-4.30001,9,2015,1
361,C8_12,C8_12,12/07/2015,NATIERA,CDC,657-8,gambiae,2.4032,1201.6,C8,10,10.69726,-4.44495,7,2015,1
362,C8_13,C8_13,24/07/2015,BAKARIDJAN I,CDC,906-2,gambiae,5.0336,2516.8,C8,9,10.20378,-4.39405,7,2015,1
363,C8_1,C8_1,30/07/2014,KANKOUNADENI,CDC,285-1,gambiae,1.93,963.2,C8,36,10.48214,-4.61734,7,2014,0
364,C8_2,C8_2,09/11/2015,TIEFORA II,CDC,3612-1,gambiae,5.89,2947.2,C8,11,10.66015,-4.51636,11,2015,1
365,C8_3,C8_3,03/09/2015,KANGOUNABA I,CDC,111b-8,gambiae,0.9104,455.2,C8,1,10.58465,-4.54745,9,2015,1
366,C8_4,C8_4,07/09/2015,TIEFORA II,CDC,125-4,gambiae,1.9608,980.4,C8,11,10.66015,-4.51636,9,2015,1
367,C8_6,C8_6,08/09/2014,SANHOUNOU,CDC,135-6,gambiae,2.72,1358,C8,12,10.67426,-4.59349,9,2014,1
368,C8_7,C8_7,12/09/2014,LOMBO,CDC,37a-1,gambiae,4.308,2154,C8,18,10.07051,-4.30001,9,2014,1
369,C8_8,C8_8,23/09/2014,KANKOUNADENI,CDC,224-1,gambiae,3.1316,1565.8,C8,36,10.48214,-4.61734,9,2014,0
370,C8_9,C8_9,10/09/2015,KOFING,CDC,128-7,gambiae,9.386,4693,C8,9,10.20378,-4.39405,9,2015,1
371,C9_11,C9_11,07/07/2015,KANKOUNADENI,CDC,519-2,gambiae,3.818,1909,C9,36,10.48214,-4.61734,7,2015,0
372,C9_13,C9_13,24/07/2015,KOFLANDE,CDC,921-1,gambiae,2.078,1039,C9,37,10.23163,-4.4324,7,2015,0
373,C9_1,C9_1,15/08/2014,LOMBO,CDC,501-2,gambiae,3.84,1917.6,C9,18,10.07051,-4.30001,8,2014,0
374,C9_3,C9_3,03/09/2015,NATIERA,CDC,112b-5,gambiae,2.8256,1412.8,C9,10,10.69726,-4.44495,9,2015,1
375,C9_4,C9_4,09/09/2015,BOUSSANRA I,CDC,126-5,gambiae,0.9248,462.4,C9,26,10.50926,-4.57797,9,2015,1
376,C9_6,C9_6,08/09/2014,SANHOUNOU,CDC,135-14,gambiae,3.29,1647.4,C9,12,10.67426,-4.59349,9,2014,1
377,C9_8,C9_8,04/11/2014,BAKARIDJAN II,CDC,1833-1,gambiae,1.6512,825.6,C9,9,10.20378,-4.39405,11,2014,1
378,C9_9,C9_9,10/09/2015,KOFLANDE,CDC,129-2,gambiae,6.322,3161,C9,37,10.23163,-4.4324,9,2015,1
379,D10_10,D10_10,16/09/2015,BOULO-KOMARA,CDC,141-5,gambiae,4.4584,2229.2,D10,29,10.40929,-4.61967,9,2015,0
380,D10_11,D10_11,07/07/2015,BOUSSANRA I,CDC,020-5,gambiae,6.5816,3290.8,D10,26,10.50926,-4.57797,7,2015,1
381,D10_12,D10_12,14/07/2015,SANHOUROU,CDC,028-11,gambiae,5.7976,2898.8,D10,12,10.67426,-4.59349,7,2015,1
382,D10_1,D10_1,15/08/2014,LOMBO,CDC,514-1,gambiae,1.7,847.6,D10,18,10.07051,-4.30001,8,2014,0
383,D10_2,D10_2,09/11/2015,DASSORPIRE,CDC,311-15,gambiae,1.65,822.8,D10,12,10.67426,-4.59349,11,2015,1
384,D10_3,D10_3,03/09/2015,NATIERA,CDC,113b-6,gambiae,3.6552,1827.6,D10,10,10.69726,-4.44495,9,2015,1
385,D10_4,D10_4,09/09/2015,BOUSSANRA I,CDC,126-14,gambiae,1.0656,532.8,D10,26,10.50926,-4.57797,9,2015,1
386,D10_6,D10_6,17/09/2014,SISRANKA,CDC,171-3,gambiae,1.71,856,D10,29,10.40929,-4.61967,9,2014,0
387,D10_7,D10_7,12/09/2014,DANDOUGOU,CDC,41a-8,gambiae,2.1104,1055.2,D10,2,10.10211,-4.3382,9,2014,1
388,D10_8,D10_8,04/11/2014,KOFING,CDC,1826-4,gambiae,4.8268,2413.4,D10,9,10.20378,-4.39405,11,2014,1
389,D10_9,D10_9,10/09/2015,KOFLANDE,CDC,129-11,gambiae,3.2112,1605.6,D10,37,10.23163,-4.4324,9,2015,1
390,D11_11,D11_11,07/07/2015,BOUSSANRA I,CDC,619-1,gambiae,3.7624,1881.2,D11,26,10.50926,-4.57797,7,2015,1
391,D11_1,D11_1,15/08/2014,LOMBO,CDC,515-3,gambiae,2.18,1090.4,D11,18,10.07051,-4.30001,8,2014,0
392,D11_3,D11_3,07/09/2015,SANHOUNOU,CDC,122-3,gambiae,1.648,824,D11,12,10.67426,-4.59349,9,2015,1
393,D11_4,D11_4,10/09/2015,KOFLANDE,CDC,130-3,gambiae,1.6776,838.8,D11,37,10.23163,-4.4324,9,2015,1
394,D11_5,D11_5,19/09/2014,BOLOMAKOTE,CDC,1167-3,gambiae,1.7208,860.4,D11,9,10.20378,-4.39405,9,2014,1
395,D11_6,D11_6,17/09/2014,SISRANKA,CDC,171-11,gambiae,1.95,975.6,D11,29,10.40929,-4.61967,9,2014,0
396,D11_7,D11_7,12/09/2014,DANDOUGOU,CDC,41a-16,gambiae,2.3848,1192.4,D11,2,10.10211,-4.3382,9,2014,1
397,D1_2,D1_2,02/11/2015,KANKOUNABA II,CDC,302-4,gambiae,2.89,1443.2,D1,1,10.58465,-4.54745,11,2015,1
398,D1_3,D1_3,02/09/2015,YABLE I,CDC,106b-4,gambiae,2.9912,1495.6,D1,4,10.31913,-4.38869,9,2015,1
399,D1_4,D1_4,04/09/2015,SOBARA III,CDC,114-4,gambiae,1.7896,894.8,D1,3,10.25882,-4.41593,9,2015,1
400,D1_5,D1_5,01/09/2014,KANGOUNABA II,CDC,104a-4,gambiae,1.0796,539.8,D1,1,10.58465,-4.54745,9,2014,1
401,D1_6,D1_6,03/09/2014,BAMAKO,CDC,117-4,gambiae,1.93,963.2,D1,20,10.49796,-4.46115,9,2014,0
402,D1_7,D1_7,09/09/2014,BOUSSANRA I,CDC,139a-4,gambiae,3.2376,1618.8,D1,26,10.50926,-4.57797,9,2014,0
403,D1_8,D1_8,17/09/2014,SISRANKA,CDC,170-4,gambiae,4.8024,2401.2,D1,29,10.40929,-4.61967,9,2014,0
404,D1_9,D1_9,05/11/2014,KANGOUNABA I,CDC,1840-4,gambiae,3.0044,1502.2,D1,9,10.20378,-4.39405,11,2014,1
405,D2_10,D2_10,10/09/2015,BOUNOUBA,CDC,131-12,gambiae,1.9224,961.2,D2,39,10.26145,-4.36408,9,2015,1
406,D2_11,D2_11,01/07/2015,PRIFONA,CDC,451-1,gambiae,3.0984,1549.2,D2,20,10.49796,-4.46115,7,2015,1
407,D2_12,D2_12,09/07/2015,BOUNOUBA,CDC,022-6,gambiae,6.632,3316,D2,39,10.26145,-4.36408,7,2015,0
408,D2_13,D2_13,14/07/2015,TIEFORA II,CDC,026-12,gambiae,5.954,2977,D2,11,10.66015,-4.51636,7,2015,1
409,D2_1,D2_1,23/07/2014,SAKORA I,CDC,238-2,gambiae,1.94,971.6,D2,29,10.40929,-4.61967,7,2014,0
410,D2_3,D2_3,02/09/2015,YABLE I,CDC,106b-12,gambiae,4.5872,2293.6,D2,4,10.31913,-4.38869,9,2015,1
411,D2_4,D2_4,04/09/2015,SOBARA III,CDC,114-12,gambiae,1.176,588,D2,3,10.25882,-4.41593,9,2015,1
412,D2_5,D2_5,01/09/2014,KANGOUNABA II,CDC,104a-12,gambiae,3.426,1713,D2,1,10.58465,-4.54745,9,2014,1
413,D2_6,D2_6,07/09/2014,SOBARA II,CDC,123a-1,gambiae,1.4,699.2,D2,3,10.25882,-4.41593,9,2014,1
414,D2_7,D2_7,09/09/2014,BOUSSANRA I,CDC,139a-12,gambiae,5.616,2808,D2,26,10.50926,-4.57797,9,2014,0
415,D2_8,D2_8,19/09/2014,BOLOMAKOTE,CDC,195-3,gambiae,3.4696,1734.8,D2,9,10.20378,-4.39405,9,2014,1
416,D3_10,D3_10,10/09/2015,BOUNOUBA,CDC,131-20,gambiae,2.2316,1115.8,D3,39,10.26145,-4.36408,9,2015,1
417,D3_11,D3_11,01/07/2015,BAMAKO,CDC,017-7,gambiae,5.9852,2992.6,D3,20,10.49796,-4.46115,7,2015,1
418,D3_12,D3_12,09/07/2015,BOUNOUBA,CDC,608-1,gambiae,10.4224,5211.2,D3,39,10.26145,-4.36408,7,2015,0
419,D3_13,D3_13,14/07/2015,TIEFORA II,CDC,027-8,gambiae,4.2524,2126.2,D3,11,10.66015,-4.51636,7,2015,1
420,D3_1,D3_1,23/07/2014,SISRANKA,CDC,242-1,gambiae,2.84,1422,D3,29,10.40929,-4.61967,7,2014,0
421,D3_2,D3_2,02/11/2015,KANKOUNABA II,CDC,302-20,gambiae,3.03,1514.6,D3,1,10.58465,-4.54745,11,2015,1
422,D3_3,D3_3,02/09/2015,BAMAKO,CDC,107b-8,gambiae,7.412,3706,D3,20,10.49796,-4.46115,9,2015,1
423,D3_4,D3_4,04/09/2015,SOBARA III,CDC,116-2,gambiae,3.2832,1641.6,D3,3,10.25882,-4.41593,9,2015,1
424,D3_5,D3_5,01/09/2014,KANGOUNABA II,CDC,105-7,gambiae,3.8232,1911.6,D3,1,10.58465,-4.54745,9,2014,1
425,D3_6,D3_6,07/09/2014,SOBARA II,CDC,123a-9,gambiae,1.29,645.6,D3,3,10.25882,-4.41593,9,2014,1
426,D3_7,D3_7,09/09/2014,BOUSSANRA I,CDC,139a-20,gambiae,2.1328,1066.4,D3,26,10.50926,-4.57797,9,2014,0
427,D3_8,D3_8,19/09/2014,BOLOMAKOTE,CDC,195-11,gambiae,2.5652,1282.6,D3,9,10.20378,-4.39405,9,2014,1
428,D3_9,D3_9,05/11/2014,NATIERA,CDC,357-11,gambiae,4.6308,2315.4,D3,10,10.69726,-4.44495,11,2014,1
429,D4_10,D4_10,11/09/2015,DANDOUGOU,CDC,133-3,gambiae,2.3664,1183.2,D4,2,10.10211,-4.3382,9,2015,1
430,D4_11,D4_11,01/07/2015,BAMAKO,CDC,017-15,gambiae,4.1888,2094.4,D4,20,10.49796,-4.46115,7,2015,1
431,D4_14,D4_14,10/09/2015,BOLOMAKOTE,CDC,157-28,gambiae,3.238,1619,D4,9,10.20378,-4.39405,9,2015,1
432,D4_1,D4_1,25/07/2014,KOFING,CDC,51a-7,gambiae,3.24,1621.2,D4,9,10.20378,-4.39405,7,2014,1
433,D4_3,D4_3,02/09/2015,BAMAKO,CDC,107b-16,gambiae,2.7824,1391.2,D4,20,10.49796,-4.46115,9,2015,1
434,D4_4,D4_4,07/09/2015,DASSORPIRE,CDC,119-6,gambiae,1.8416,920.8,D4,12,10.67426,-4.59349,9,2015,1
435,D4_5,D4_5,01/09/2014,MOSSIBOUGOU,CDC,106a-8,gambiae,4.3616,2180.8,D4,10,10.69726,-4.44495,9,2014,1
436,D4_8,D4_8,19/09/2014,KOFLANDE,CDC,209-4,gambiae,4.4864,2243.2,D4,37,10.23163,-4.4324,9,2014,0
437,D4_9,D4_9,06/11/2014,BAMAKO,CDC,1858-1,gambiae,5.2916,2645.8,D4,20,10.49796,-4.46115,11,2014,0
438,D5_12,D5_12,12/07/2015,KANKOUNABA II,CDC,024-4,gambiae,6.5696,3284.8,D5,1,10.58465,-4.54745,7,2015,1
439,D5_13,D5_13,16/07/2015,SOBARA II,CDC,029-14,gambiae,3.066,1533,D5,3,10.25882,-4.41593,7,2015,1
440,D5_1,D5_1,25/07/2014,KOFING,CDC,51a-15,gambiae,2.25,1126.4,D5,9,10.20378,-4.39405,7,2014,1
441,D5_3,D5_3,02/09/2015,FRIGARA,CDC,108-3,gambiae,5.3848,2692.4,D5,20,10.49796,-4.46115,9,2015,1
442,D5_4,D5_4,07/09/2015,DASSORPIRE,CDC,119-14,gambiae,3.3584,1679.2,D5,12,10.67426,-4.59349,9,2015,1
443,D5_5,D5_5,01/09/2014,MOSSIBOUGOU,CDC,106a-16,gambiae,1.7192,859.6,D5,10,10.69726,-4.44495,9,2014,1
444,D5_6,D5_6,08/09/2014,TIEFORA II,CDC,132a-5,gambiae,2.51,1256.6,D5,11,10.66015,-4.51636,9,2014,1
445,D5_8,D5_8,19/09/2014,KOFLANDE,CDC,209-12,gambiae,3.492,1746,D5,37,10.23163,-4.4324,9,2014,0
446,D5_9,D5_9,10/11/2014,PONT MAURICE,CDC,360-2,gambiae,3.308,1654,D5,11,10.66015,-4.51636,11,2014,1
447,D6_10,D6_10,11/09/2015,LOMBO,CDC,136-2,gambiae,8.232,4116,D6,18,10.07051,-4.30001,9,2015,1
448,D6_12,D6_12,12/07/2015,KANKOUNABA II,CDC,024-12,gambiae,7.8912,3945.6,D6,1,10.58465,-4.54745,7,2015,1
449,D6_1,D6_1,30/07/2014,KANKOUNADENI,CDC,53a-3,gambiae,1.68,840.4,D6,36,10.48214,-4.61734,7,2014,0
450,D6_2,D6_2,09/11/2015,PONT MAURICE,CDC,310-2,gambiae,3.93,1965.8,D6,11,10.66015,-4.51636,11,2015,1
451,D6_3,D6_3,03/09/2015,KANGOUNABA I,CDC,109-6,gambiae,1.8328,916.4,D6,1,10.58465,-4.54745,9,2015,1
452,D6_4,D6_4,07/09/2015,TIEFORA II,CDC,123b-5,gambiae,5.0152,2507.6,D6,11,10.66015,-4.51636,9,2015,1
453,D6_5,D6_5,03/09/2014,BOUNOUMBA,CDC,111a-1,gambiae,3.8244,1912.2,D6,4,10.31913,-4.38869,9,2014,1
454,D6_6,D6_6,08/09/2014,TIEFORA II,CDC,132a-13,gambiae,0.98,490.2,D6,11,10.66015,-4.51636,9,2014,1
455,D6_7,D6_7,12/09/2014,LOMBO,CDC,34-4,gambiae,4.0272,2013.6,D6,18,10.07051,-4.30001,9,2014,1
456,D6_8,D6_8,19/09/2014,KOFLANDE,CDC,209-20,gambiae,2.3408,1170.4,D6,37,10.23163,-4.4324,9,2014,0
457,D6_9,D6_9,10/11/2014,PONT MAURICE,CDC,360-10,gambiae,8.2284,4114.2,D6,11,10.66015,-4.51636,11,2014,1
458,D7_10,D7_10,11/09/2015,LOMBO,CDC,136-10,gambiae,5.2176,2608.8,D7,18,10.07051,-4.30001,9,2015,1
459,D7_13,D7_13,24/07/2015,BAKARIDJAN II,CDC,912-1,gambiae,2.5452,1272.6,D7,9,10.20378,-4.39405,7,2015,1
460,D7_2,D7_2,09/11/2015,PONT MAURICE,CDC,310-10,gambiae,2.82,1408.2,D7,11,10.66015,-4.51636,11,2015,1
461,D7_3,D7_3,03/09/2015,KANGOUNABA I,CDC,111b-1,gambiae,3.2824,1641.2,D7,1,10.58465,-4.54745,9,2015,1
462,D7_4,D7_4,07/09/2015,TIEFORA II,CDC,123b-13,gambiae,3.784,1892,D7,11,10.66015,-4.51636,9,2015,1
463,D7_5,D7_5,03/09/2014,BOUNOUMBA,CDC,112a-2,gambiae,6.3692,3184.6,D7,4,10.31913,-4.38869,9,2014,1
464,D7_6,D7_6,08/09/2014,TIEFORA II,CDC,132a-21,gambiae,1.66,828.8,D7,11,10.66015,-4.51636,9,2014,1
465,D7_7,D7_7,12/09/2014,LOMBO,CDC,34-12,gambiae,4.9768,2488.4,D7,18,10.07051,-4.30001,9,2014,1
466,D7_8,D7_8,23/09/2014,KANKOUNADENI,CDC,223-7,gambiae,2.696,1348,D7,36,10.48214,-4.61734,9,2014,0
467,D7_9,D7_9,10/11/2014,PONT MAURICE,CDC,360-18,gambiae,10.4812,5240.6,D7,11,10.66015,-4.51636,11,2014,1
468,D8_10,D8_10,11/09/2015,LOMBO,CDC,136-18,gambiae,1.2924,646.2,D8,18,10.07051,-4.30001,9,2015,1
469,D8_11,D8_11,07/07/2015,KANKOUNADENI,CDC,524-2,gambiae,3.84,1920,D8,36,10.48214,-4.61734,7,2015,0
470,D8_13,D8_13,24/07/2015,BAKARIDJAN I,CDC,905-1,gambiae,3.1256,1562.8,D8,9,10.20378,-4.39405,7,2015,1
471,D8_1,D8_1,30/07/2014,KANKOUNADENI,CDC,285-2,gambiae,1.43,714.4,D8,36,10.48214,-4.61734,7,2014,0
472,D8_2,D8_2,09/11/2015,TIEFORA II,CDC,3612-2,gambiae,3.44,1719,D8,11,10.66015,-4.51636,11,2015,1
473,D8_4,D8_4,07/09/2015,TIEFORA II,CDC,125-5,gambiae,2.9928,1496.4,D8,11,10.66015,-4.51636,9,2015,1
474,D8_6,D8_6,08/09/2014,SANHOUNOU,CDC,135-7,gambiae,2.47,1236,D8,12,10.67426,-4.59349,9,2014,1
475,D8_9,D8_9,10/09/2015,KOFING,CDC,128-8,gambiae,8.3616,4180.8,D8,9,10.20378,-4.39405,9,2015,1
476,D9_10,D9_10,16/09/2015,SISRANKA,CDC,139b-8,gambiae,3.1712,1585.6,D9,29,10.40929,-4.61967,9,2015,0
477,D9_11,D9_11,07/07/2015,KANKOUNADENI,CDC,522-1,gambiae,5.8496,2924.8,D9,36,10.48214,-4.61734,7,2015,0
478,D9_12,D9_12,14/07/2015,SANHOUROU,CDC,028-3,gambiae,3.5928,1796.4,D9,12,10.67426,-4.59349,7,2015,1
479,D9_13,D9_13,24/07/2015,KOFLANDE,CDC,920-1,gambiae,3.5488,1774.4,D9,37,10.23163,-4.4324,7,2015,0
480,D9_1,D9_1,15/08/2014,LOMBO,CDC,503-1,gambiae,2.52,1259.6,D9,18,10.07051,-4.30001,8,2014,0
481,D9_2,D9_2,09/11/2015,DASSORPIRE,CDC,311-7,gambiae,5.55,2772.6,D9,12,10.67426,-4.59349,11,2015,1
482,D9_4,D9_4,09/09/2015,BOUSSANRA I,CDC,126-6,gambiae,2.1344,1067.2,D9,26,10.50926,-4.57797,9,2015,1
483,D9_5,D9_5,03/09/2014,FRIGARA,CDC,113a-6,gambiae,8.408,4204,D9,20,10.49796,-4.46115,9,2014,0
484,D9_6,D9_6,08/09/2014,SANHOUNOU,CDC,135-15,gambiae,3.31,1656.6,D9,12,10.67426,-4.59349,9,2014,1
485,D9_9,D9_9,10/09/2015,KOFLANDE,CDC,129-3,gambiae,5.0964,2548.2,D9,37,10.23163,-4.4324,9,2015,1
486,E10_10,E10_10,16/09/2015,BOULO-KOMARA,CDC,141-6,gambiae,1.336,668,E10,29,10.40929,-4.61967,9,2015,0
487,E10_11,E10_11,07/07/2015,BOUSSANRA I,CDC,020-6,gambiae,3.5096,1754.8,E10,26,10.50926,-4.57797,7,2015,1
488,E10_1,E10_1,15/08/2014,LOMBO,CDC,514-2,gambiae,2.08,1039.6,E10,18,10.07051,-4.30001,8,2014,0
489,E10_2,E10_2,09/11/2015,DASSORPIRE,CDC,311-16,gambiae,3.17,1586,E10,12,10.67426,-4.59349,11,2015,1
490,E10_3,E10_3,03/09/2015,NATIERA,CDC,113b-7,gambiae,1.4024,701.2,E10,10,10.69726,-4.44495,9,2015,1
491,E10_4,E10_4,09/09/2015,BOUSSANRA I,CDC,126-15,gambiae,1.3592,679.6,E10,26,10.50926,-4.57797,9,2015,1
492,E10_5,E10_5,03/09/2014,FRIGARA,CDC,113a-15,gambiae,3.0664,1533.2,E10,20,10.49796,-4.46115,9,2014,0
493,E10_6,E10_6,17/09/2014,SISRANKA,CDC,171-4,gambiae,2.13,1067.4,E10,29,10.40929,-4.61967,9,2014,0
494,E10_7,E10_7,12/09/2014,DANDOUGOU,CDC,41a-9,gambiae,2.3344,1167.2,E10,2,10.10211,-4.3382,9,2014,1
495,E10_8,E10_8,04/11/2014,KOFING,CDC,1826-5,gambiae,3.9128,1956.4,E10,9,10.20378,-4.39405,11,2014,1
496,E10_9,E10_9,10/09/2015,BOUNOUBA,CDC,132b-1,gambiae,9.8632,4931.6,E10,39,10.26145,-4.36408,9,2015,1
497,E1_10,E1_10,10/09/2015,BOUNOUBA,CDC,131-5,gambiae,6.9572,3478.6,E1,39,10.26145,-4.36408,9,2015,1
498,E11_11,E11_11,07/07/2015,BOUSSANRA I,CDC,618-1,gambiae,5.35,2675,E11,26,10.50926,-4.57797,7,2015,1
499,E11_1,E11_1,15/08/2014,LOMBO,CDC,515-4,gambiae,2.41,1203.2,E11,18,10.07051,-4.30001,8,2014,0
500,E11_2,E11_2,16/09/2015,SISRANKA,CDC,140-3,gambiae,1.87,934.6,E11,29,10.40929,-4.61967,9,2015,0
501,E11_3,E11_3,07/09/2015,SANHOUNOU,CDC,122-4,gambiae,2.8312,1415.6,E11,12,10.67426,-4.59349,9,2015,1
502,E11_4,E11_4,10/09/2015,KOFLANDE,CDC,130-4,gambiae,2.02,1010,E11,37,10.23163,-4.4324,9,2015,1
503,E11_5,E11_5,19/09/2014,BOLOMAKOTE,CDC,1167-4,gambiae,2.5404,1270.2,E11,9,10.20378,-4.39405,9,2014,1
504,E11_6,E11_6,17/09/2014,SISRANKA,CDC,171-12,gambiae,4.36,2182.4,E11,29,10.40929,-4.61967,9,2014,0
505,E11_7,E11_7,12/09/2014,DANDOUGOU,CDC,41a-17,gambiae,2.9656,1482.8,E11,2,10.10211,-4.3382,9,2014,1
506,E1_2,E1_2,02/11/2015,KANKOUNABA II,CDC,302-5,gambiae,2.79,1395.2,E1,1,10.58465,-4.54745,11,2015,1
507,E1_3,E1_3,02/09/2015,YABLE I,CDC,106b-5,gambiae,3.4096,1704.8,E1,4,10.31913,-4.38869,9,2015,1
508,E1_4,E1_4,04/09/2015,SOBARA III,CDC,114-5,gambiae,3.8392,1919.6,E1,3,10.25882,-4.41593,9,2015,1
509,E1_5,E1_5,01/09/2014,KANGOUNABA II,CDC,104a-5,gambiae,3.0988,1549.4,E1,1,10.58465,-4.54745,9,2014,1
510,E1_6,E1_6,03/09/2014,BAMAKO,CDC,117-5,gambiae,2.68,1341,E1,20,10.49796,-4.46115,9,2014,0
511,E1_8,E1_8,17/09/2014,SISRANKA,CDC,170-5,gambiae,5.2308,2615.4,E1,29,10.40929,-4.61967,9,2014,0
512,E2_10,E2_10,10/09/2015,BOUNOUBA,CDC,131-13,gambiae,4.6328,2316.4,E2,39,10.26145,-4.36408,9,2015,1
513,E2_11,E2_11,01/07/2015,PRIFONA,CDC,451-2,gambiae,3.2596,1629.8,E2,20,10.49796,-4.46115,7,2015,1
514,E2_13,E2_13,14/07/2015,TIEFORA II,CDC,027-1,gambiae,8.0796,4039.8,E2,11,10.66015,-4.51636,7,2015,1
515,E2_14,E2_14,10/09/2015,BOLOMAKOTE,CDC,157-13,gambiae,6.1876,3093.8,E2,9,10.20378,-4.39405,9,2015,1
516,E2_1,E2_1,23/07/2014,SAKORA I,CDC,238-3,gambiae,2.23,1116.8,E2,29,10.40929,-4.61967,7,2014,0
517,E2_2,E2_2,02/11/2015,KANKOUNABA II,CDC,302-13,gambiae,1.5,748.4,E2,1,10.58465,-4.54745,11,2015,1
518,E2_4,E2_4,04/09/2015,SOBARA III,CDC,114-13,gambiae,2.1456,1072.8,E2,3,10.25882,-4.41593,9,2015,1
519,E2_5,E2_5,01/09/2014,KANGOUNABA II,CDC,104a-13,gambiae,1.3624,681.2,E2,1,10.58465,-4.54745,9,2014,1
520,E2_7,E2_7,09/09/2014,BOUSSANRA I,CDC,139a-13,gambiae,5.036,2518,E2,26,10.50926,-4.57797,9,2014,0
521,E2_8,E2_8,19/09/2014,BOLOMAKOTE,CDC,195-4,gambiae,3.3532,1676.6,E2,9,10.20378,-4.39405,9,2014,1
522,E2_9,E2_9,05/11/2014,NATIERA,CDC,357-4,gambiae,9.3784,4689.2,E2,10,10.69726,-4.44495,11,2014,1
523,E3_11,E3_11,01/07/2015,BAMAKO,CDC,017-8,gambiae,7.936,3968,E3,20,10.49796,-4.46115,7,2015,1
524,E3_13,E3_13,14/07/2015,TIEFORA II,CDC,027-9,gambiae,13.0604,6530.2,E3,11,10.66015,-4.51636,7,2015,1
525,E3_14,E3_14,10/09/2015,BOLOMAKOTE,CDC,157-21,gambiae,3.232,1616,E3,9,10.20378,-4.39405,9,2015,1
526,E3_1,E3_1,23/07/2014,SISRANKA,CDC,242-2,gambiae,3.06,1531.6,E3,29,10.40929,-4.61967,7,2014,0
527,E3_2,E3_2,02/11/2015,KANKOUNABA II,CDC,302-21,gambiae,1.38,688.6,E3,1,10.58465,-4.54745,11,2015,1
528,E3_4,E3_4,04/09/2015,SOBARA III,CDC,116-3,gambiae,1.8528,926.4,E3,3,10.25882,-4.41593,9,2015,1
529,E3_7,E3_7,11/09/2014,BOUNOUBA,CDC,28a-1,gambiae,4.184,2092,E3,39,10.26145,-4.36408,9,2014,0
530,E3_8,E3_8,19/09/2014,BOLOMAKOTE,CDC,195-12,gambiae,4.3512,2175.6,E3,9,10.20378,-4.39405,9,2014,1
531,E3_9,E3_9,05/11/2014,NATIERA,CDC,357-12,gambiae,2.644,1322,E3,10,10.69726,-4.44495,11,2014,1
532,E4_11,E4_11,01/07/2015,BAMAKO,CDC,017-16,gambiae,6.3428,3171.4,E4,20,10.49796,-4.46115,7,2015,1
533,E4_13,E4_13,16/07/2015,SOBARA II,CDC,029-8,gambiae,5.4104,2705.2,E4,3,10.25882,-4.41593,7,2015,1
534,E4_1,E4_1,25/07/2014,KOFING,CDC,51a-8,gambiae,3.82,1908,E4,9,10.20378,-4.39405,7,2014,1
535,E4_3,E4_3,02/09/2015,BAMAKO,CDC,107b-17,gambiae,6.1928,3096.4,E4,20,10.49796,-4.46115,9,2015,1
536,E4_4,E4_4,07/09/2015,DASSORPIRE,CDC,119-7,gambiae,2.324,1162,E4,12,10.67426,-4.59349,9,2015,1
537,E4_5,E4_5,01/09/2014,MOSSIBOUGOU,CDC,106a-9,gambiae,5.6356,2817.8,E4,10,10.69726,-4.44495,9,2014,1
538,E4_8,E4_8,19/09/2014,KOFLANDE,CDC,209-5,gambiae,4.898,2449,E4,37,10.23163,-4.4324,9,2014,0
539,E5_10,E5_10,11/09/2015,KIESSE(KEHINSA),CDC,134-8,gambiae,2.3784,1189.2,E5,2,10.10211,-4.3382,9,2015,1
540,E5_12,E5_12,12/07/2015,KANKOUNABA II,CDC,024-5,gambiae,7.7224,3861.2,E5,1,10.58465,-4.54745,7,2015,1
541,E5_13,E5_13,16/07/2015,SOBARA II,CDC,029-15,gambiae,1.4724,736.2,E5,3,10.25882,-4.41593,7,2015,1
542,E5_1,E5_1,25/07/2014,KOFING,CDC,51a-16,gambiae,3.43,1715.6,E5,9,10.20378,-4.39405,7,2014,1
543,E5_3,E5_3,02/09/2015,FRIGARA,CDC,108-4,gambiae,3.1288,1564.4,E5,20,10.49796,-4.46115,9,2015,1
544,E5_5,E5_5,01/09/2014,MOSSIBOUGOU,CDC,106a-17,gambiae,2.762,1381,E5,10,10.69726,-4.44495,9,2014,1
545,E5_6,E5_6,08/09/2014,TIEFORA II,CDC,132a-6,gambiae,3.07,1537.2,E5,11,10.66015,-4.51636,9,2014,1
546,E5_7,E5_7,11/09/2014,BOUNOUBA,CDC,1019-5,gambiae,3.3296,1664.8,E5,39,10.26145,-4.36408,9,2014,0
547,E5_8,E5_8,19/09/2014,KOFLANDE,CDC,209-13,gambiae,1.9056,952.8,E5,37,10.23163,-4.4324,9,2014,0
548,E5_9,E5_9,10/11/2014,PONT MAURICE,CDC,360-3,gambiae,2.1232,1061.6,E5,11,10.66015,-4.51636,11,2014,1
549,E6_10,E6_10,11/09/2015,LOMBO,CDC,136-3,gambiae,2.8272,1413.6,E6,18,10.07051,-4.30001,9,2015,1
550,E6_1,E6_1,30/07/2014,KANKOUNADENI,CDC,53a-4,gambiae,3.37,1685.6,E6,36,10.48214,-4.61734,7,2014,0
551,E6_2,E6_2,09/11/2015,PONT MAURICE,CDC,310-3,gambiae,1.9,951.8,E6,11,10.66015,-4.51636,11,2015,1
552,E6_3,E6_3,03/09/2015,KANGOUNABA I,CDC,109-7,gambiae,1.832,916,E6,1,10.58465,-4.54745,9,2015,1
553,E6_4,E6_4,07/09/2015,TIEFORA II,CDC,123b-6,gambiae,2.2688,1134.4,E6,11,10.66015,-4.51636,9,2015,1
554,E6_5,E6_5,03/09/2014,BOUNOUMBA,CDC,111a-2,gambiae,6.8792,3439.6,E6,4,10.31913,-4.38869,9,2014,1
555,E6_6,E6_6,08/09/2014,TIEFORA II,CDC,132a-14,gambiae,2.78,1389.6,E6,11,10.66015,-4.51636,9,2014,1
556,E6_7,E6_7,12/09/2014,LOMBO,CDC,34-5,gambiae,4.4936,2246.8,E6,18,10.07051,-4.30001,9,2014,1
557,E6_8,E6_8,19/09/2014,BOLOMAKOTE,CDC,1168-1,gambiae,3.6796,1839.8,E6,9,10.20378,-4.39405,9,2014,1
558,E6_9,E6_9,10/11/2014,PONT MAURICE,CDC,360-11,gambiae,5.2248,2612.4,E6,11,10.66015,-4.51636,11,2014,1
559,E7_10,E7_10,11/09/2015,LOMBO,CDC,136-11,gambiae,3.7884,1894.2,E7,18,10.07051,-4.30001,9,2015,1
560,E7_11,E7_11,01/07/2015,BOUNOUMBA,CDC,428-3,gambiae,0.6668,333.4,E7,4,10.31913,-4.38869,7,2015,1
561,E7_13,E7_13,24/07/2015,BAKARIDJAN II,CDC,908-1,gambiae,2.8664,1433.2,E7,9,10.20378,-4.39405,7,2015,1
562,E7_1,E7_1,30/07/2014,KANKOUNADENI,CDC,53a-12,gambiae,2.72,1358.8,E7,36,10.48214,-4.61734,7,2014,0
563,E7_2,E7_2,09/11/2015,PONT MAURICE,CDC,310-11,gambiae,2.27,1133.8,E7,11,10.66015,-4.51636,11,2015,1
564,E7_3,E7_3,03/09/2015,KANGOUNABA I,CDC,111b-2,gambiae,2.704,1352,E7,1,10.58465,-4.54745,9,2015,1
565,E7_4,E7_4,07/09/2015,TIEFORA II,CDC,123b-14,gambiae,3.4832,1741.6,E7,11,10.66015,-4.51636,9,2015,1
566,E7_5,E7_5,03/09/2014,BOUNOUMBA,CDC,112a-3,gambiae,8.776,4388,E7,4,10.31913,-4.38869,9,2014,1
567,E7_6,E7_6,08/09/2014,TIEFORA II,CDC,132a-22,gambiae,2.75,1375,E7,11,10.66015,-4.51636,9,2014,1
568,E7_7,E7_7,12/09/2014,LOMBO,CDC,34-13,gambiae,5.32,2660,E7,18,10.07051,-4.30001,9,2014,1
569,E7_8,E7_8,23/09/2014,KANKOUNADENI,CDC,223-8,gambiae,3.6104,1805.2,E7,36,10.48214,-4.61734,9,2014,0
570,E8_11,E8_11,07/07/2015,KANKOUNADENI,CDC,524-3,gambiae,5.1248,2562.4,E8,36,10.48214,-4.61734,7,2015,0
571,E8_13,E8_13,24/07/2015,BAKARIDJAN II,CDC,914-1,gambiae,3.3068,1653.4,E8,9,10.20378,-4.39405,7,2015,1
572,E8_1,E8_1,30/07/2014,KANKOUNADENI,CDC,285-3,gambiae,1.59,795.6,E8,36,10.48214,-4.61734,7,2014,0
573,E8_2,E8_2,09/11/2015,TIEFORA II,CDC,3612-3,gambiae,3.29,1644,E8,11,10.66015,-4.51636,11,2015,1
574,E8_4,E8_4,07/09/2015,TIEFORA II,CDC,125-6,gambiae,1.6384,819.2,E8,11,10.66015,-4.51636,9,2015,1
575,E8_5,E8_5,03/09/2014,BOUNOUMBA,CDC,112a-11,gambiae,3.1648,1582.4,E8,4,10.31913,-4.38869,9,2014,1
576,E8_6,E8_6,08/09/2014,SANHOUNOU,CDC,135-8,gambiae,3.39,1696.6,E8,12,10.67426,-4.59349,9,2014,1
577,E8_7,E8_7,12/09/2014,LOMBO,CDC,37a-3,gambiae,6.0696,3034.8,E8,18,10.07051,-4.30001,9,2014,1
578,E8_9,E8_9,10/09/2015,KOFING,CDC,128-9,gambiae,3.1828,1591.4,E8,9,10.20378,-4.39405,9,2015,1
579,E9_10,E9_10,16/09/2015,SISRANKA,CDC,139b-9,gambiae,2.224,1112,E9,29,10.40929,-4.61967,9,2015,0
580,E9_11,E9_11,07/07/2015,KANKOUNADENI,CDC,522-2,gambiae,5.2956,2647.8,E9,36,10.48214,-4.61734,7,2015,0
581,E9_12,E9_12,14/07/2015,SANHOUROU,CDC,028-4,gambiae,4.9168,2458.4,E9,12,10.67426,-4.59349,7,2015,1
582,E9_13,E9_13,24/07/2015,KOFLANDE,CDC,920-2,gambiae,4.3072,2153.6,E9,37,10.23163,-4.4324,7,2015,0
583,E9_1,E9_1,15/08/2014,LOMBO,CDC,503-2,gambiae,1.67,833.6,E9,18,10.07051,-4.30001,8,2014,0
584,E9_2,E9_2,09/11/2015,DASSORPIRE,CDC,311-8,gambiae,2.33,1164,E9,12,10.67426,-4.59349,11,2015,1
585,E9_4,E9_4,09/09/2015,BOUSSANRA I,CDC,126-7,gambiae,1.5808,790.4,E9,26,10.50926,-4.57797,9,2015,1
586,E9_5,E9_5,03/09/2014,FRIGARA,CDC,113a-7,gambiae,4.8132,2406.6,E9,20,10.49796,-4.46115,9,2014,0
587,E9_6,E9_6,08/09/2014,SANHOUNOU,CDC,135-16,gambiae,3.36,1679,E9,12,10.67426,-4.59349,9,2014,1
588,E9_7,E9_7,12/09/2014,DANDOUGOU,CDC,41a-1,gambiae,3.6448,1822.4,E9,2,10.10211,-4.3382,9,2014,1
589,E9_8,E9_8,04/11/2014,BAKARIDJAN II,CDC,1833-3,gambiae,1.7576,878.8,E9,9,10.20378,-4.39405,11,2014,1
590,E9_9,E9_9,10/09/2015,KOFLANDE,CDC,129-4,gambiae,12.5968,6298.4,E9,37,10.23163,-4.4324,9,2015,1
591,F10_10,F10_10,16/09/2015,BOULO-KOMARA,CDC,141-7,gambiae,2.9248,1462.4,F10,29,10.40929,-4.61967,9,2015,0
592,F10_11,F10_11,07/07/2015,BOUSSANRA I,CDC,020-7,gambiae,4.2404,2120.2,F10,26,10.50926,-4.57797,7,2015,1
593,F10_12,F10_12,14/07/2015,SANHOUROU,CDC,028-13,gambiae,2.5768,1288.4,F10,12,10.67426,-4.59349,7,2015,1
594,F10_1,F10_1,15/08/2014,LOMBO,CDC,514-3,gambiae,1.36,679.2,F10,18,10.07051,-4.30001,8,2014,0
595,F10_2,F10_2,09/11/2015,DASSORPIRE,CDC,311-17,gambiae,0.13,64.4,F10,12,10.67426,-4.59349,11,2015,1
596,F10_3,F10_3,03/09/2015,NATIERA,CDC,113b-8,gambiae,2.9648,1482.4,F10,10,10.69726,-4.44495,9,2015,1
597,F10_4,F10_4,09/09/2015,BOUSSANRA I,CDC,126-16,gambiae,1.3224,661.2,F10,26,10.50926,-4.57797,9,2015,1
598,F10_6,F10_6,17/09/2014,SISRANKA,CDC,171-5,gambiae,3.9,1948.8,F10,29,10.40929,-4.61967,9,2014,0
599,F10_7,F10_7,12/09/2014,DANDOUGOU,CDC,41a-10,gambiae,2.8896,1444.8,F10,2,10.10211,-4.3382,9,2014,1
600,F10_8,F10_8,04/11/2014,KOFING,CDC,1826-6,gambiae,1.7732,886.6,F10,9,10.20378,-4.39405,11,2014,1
601,F10_9,F10_9,10/09/2015,BOUNOUBA,CDC,132b-2,gambiae,4.4064,2203.2,F10,39,10.26145,-4.36408,9,2015,1
602,F1_10,F1_10,10/09/2015,BOUNOUBA,CDC,131-6,gambiae,2.7332,1366.6,F1,39,10.26145,-4.36408,9,2015,1
603,F11_11,F11_11,07/07/2015,BOUSSANRA I,CDC,502-1,gambiae,6.0868,3043.4,F11,26,10.50926,-4.57797,7,2015,1
604,F11_1,F11_1,15/08/2014,LOMBO,CDC,515-5,gambiae,2.54,1268.4,F11,18,10.07051,-4.30001,8,2014,0
605,F11_3,F11_3,07/09/2015,SANHOUNOU,CDC,122-5,gambiae,3.7576,1878.8,F11,12,10.67426,-4.59349,9,2015,1
606,F11_4,F11_4,10/09/2015,KOFLANDE,CDC,130-5,gambiae,1.2088,604.4,F11,37,10.23163,-4.4324,9,2015,1
607,F11_5,F11_5,19/09/2014,BOLOMAKOTE,CDC,1167-5,gambiae,2.4876,1243.8,F11,9,10.20378,-4.39405,9,2014,1
608,F11_7,F11_7,12/09/2014,DANDOUGOU,CDC,41a-18,gambiae,1.748,874,F11,2,10.10211,-4.3382,9,2014,1
609,F11_8,F11_8,06/11/2014,BAMAKO,CDC,1859-1,gambiae,2.9104,1455.2,F11,20,10.49796,-4.46115,11,2014,0
610,F1_1,F1_1,23/07/2014,SAKORA I,CDC,237-2,gambiae,4.66,2328.4,F1,29,10.40929,-4.61967,7,2014,0
611,F1_2,F1_2,02/11/2015,KANKOUNABA II,CDC,302-6,gambiae,1.42,709.6,F1,1,10.58465,-4.54745,11,2015,1
612,F1_3,F1_3,02/09/2015,YABLE I,CDC,106b-6,gambiae,2.0408,1020.4,F1,4,10.31913,-4.38869,9,2015,1
613,F1_5,F1_5,01/09/2014,KANGOUNABA II,CDC,104a-6,gambiae,1.346,673,F1,1,10.58465,-4.54745,9,2014,1
614,F1_6,F1_6,03/09/2014,BAMAKO,CDC,117-6,gambiae,2.19,1095.2,F1,20,10.49796,-4.46115,9,2014,0
615,F1_7,F1_7,09/09/2014,BOUSSANRA I,CDC,139a-6,gambiae,2.8856,1442.8,F1,26,10.50926,-4.57797,9,2014,0
616,F1_8,F1_8,17/09/2014,SISRANKA,CDC,170-6,gambiae,3.5712,1785.6,F1,29,10.40929,-4.61967,9,2014,0
617,F2_10,F2_10,10/09/2015,BOUNOUBA,CDC,131-14,gambiae,3.6316,1815.8,F2,39,10.26145,-4.36408,9,2015,1
618,F2_11,F2_11,01/07/2015,BAMAKO,CDC,017-1,gambiae,6.804,3402,F2,20,10.49796,-4.46115,7,2015,1
619,F2_12,F2_12,09/07/2015,BOUNOUBA,CDC,022-8,gambiae,9.1928,4596.4,F2,39,10.26145,-4.36408,7,2015,0
620,F2_13,F2_13,14/07/2015,TIEFORA II,CDC,027-2,gambiae,3.412,1706,F2,11,10.66015,-4.51636,7,2015,1
621,F2_14,F2_14,10/09/2015,BOLOMAKOTE,CDC,157-14,gambiae,5.1096,2554.8,F2,9,10.20378,-4.39405,9,2015,1
622,F2_1,F2_1,23/07/2014,SAKORA I,CDC,238-4,gambiae,1.84,922.4,F2,29,10.40929,-4.61967,7,2014,0
623,F2_2,F2_2,02/11/2015,KANKOUNABA II,CDC,302-14,gambiae,2.59,1295.6,F2,1,10.58465,-4.54745,11,2015,1
624,F2_3,F2_3,02/09/2015,BAMAKO,CDC,107b-2,gambiae,2.2352,1117.6,F2,20,10.49796,-4.46115,9,2015,1
625,F2_5,F2_5,01/09/2014,KANGOUNABA II,CDC,105-1,gambiae,2.5808,1290.4,F2,1,10.58465,-4.54745,9,2014,1
626,F2_7,F2_7,09/09/2014,BOUSSANRA I,CDC,139a-14,gambiae,3.5464,1773.2,F2,26,10.50926,-4.57797,9,2014,0
627,F2_8,F2_8,19/09/2014,BOLOMAKOTE,CDC,195-5,gambiae,2.1448,1072.4,F2,9,10.20378,-4.39405,9,2014,1
628,F2_9,F2_9,05/11/2014,NATIERA,CDC,357-5,gambiae,5.9604,2980.2,F2,10,10.69726,-4.44495,11,2014,1
629,F3_12,F3_12,09/07/2015,BOUNOUBA,CDC,586-1,gambiae,8.0656,4032.8,F3,39,10.26145,-4.36408,7,2015,0
630,F3_1,F3_1,25/07/2014,KOFING,CDC,51a-1,gambiae,2.96,1480.4,F3,9,10.20378,-4.39405,7,2014,1
631,F3_2,F3_2,02/11/2015,KANKOUNABA II,CDC,302-22,gambiae,2.63,1313.8,F3,1,10.58465,-4.54745,11,2015,1
632,F3_3,F3_3,02/09/2015,BAMAKO,CDC,107b-10,gambiae,2.1528,1076.4,F3,20,10.49796,-4.46115,9,2015,1
633,F3_4,F3_4,04/09/2015,SOBARA III,CDC,116-4,gambiae,1.8448,922.4,F3,3,10.25882,-4.41593,9,2015,1
634,F3_5,F3_5,01/09/2014,MOSSIBOUGOU,CDC,106a-2,gambiae,2.2,1100,F3,10,10.69726,-4.44495,9,2014,1
635,F3_8,F3_8,19/09/2014,BOLOMAKOTE,CDC,195-13,gambiae,2.854,1427,F3,9,10.20378,-4.39405,9,2014,1
636,F3_9,F3_9,05/11/2014,NATIERA,CDC,357-13,gambiae,3.9304,1965.2,F3,10,10.69726,-4.44495,11,2014,1
637,F4_10,F4_10,11/09/2015,KIESSE(KEHINSA),CDC,134-1,gambiae,2.4436,1221.8,F4,2,10.10211,-4.3382,9,2015,1
638,F4_12,F4_12,12/07/2015,KANKOUNABA II,CDC,656-1,gambiae,7.5568,3778.4,F4,1,10.58465,-4.54745,7,2015,1
639,F4_13,F4_13,16/07/2015,SOBARA II,CDC,029-9,gambiae,4.7764,2388.2,F4,3,10.25882,-4.41593,7,2015,1
640,F4_1,F4_1,25/07/2014,KOFING,CDC,51a-9,gambiae,2.57,1284.8,F4,9,10.20378,-4.39405,7,2014,1
641,F4_3,F4_3,02/09/2015,BAMAKO,CDC,107b-18,gambiae,2.2472,1123.6,F4,20,10.49796,-4.46115,9,2015,1
642,F4_4,F4_4,07/09/2015,DASSORPIRE,CDC,119-8,gambiae,1.6544,827.2,F4,12,10.67426,-4.59349,9,2015,1
643,F4_5,F4_5,01/09/2014,MOSSIBOUGOU,CDC,106a-10,gambiae,4.0416,2020.8,F4,10,10.69726,-4.44495,9,2014,1
644,F4_6,F4_6,07/09/2014,SOBARA II,CDC,123a-19,gambiae,2.17,1084.8,F4,3,10.25882,-4.41593,9,2014,1
645,F4_8,F4_8,19/09/2014,KOFLANDE,CDC,209-6,gambiae,5.8316,2915.8,F4,37,10.23163,-4.4324,9,2014,0
646,F4_9,F4_9,06/11/2014,BAMAKO,CDC,1858-3,gambiae,4.7484,2374.2,F4,20,10.49796,-4.46115,11,2014,0
647,F5_10,F5_10,11/09/2015,KIESSE(KEHINSA),CDC,134-9,gambiae,3.1332,1566.6,F5,2,10.10211,-4.3382,9,2015,1
648,F5_11,F5_11,01/07/2015,YABLE I,CDC,424-2,gambiae,2.0852,1042.6,F5,4,10.31913,-4.38869,7,2015,1
649,F5_12,F5_12,12/07/2015,KANKOUNABA II,CDC,024-6,gambiae,4.7,2350,F5,1,10.58465,-4.54745,7,2015,1
650,F5_1,F5_1,25/07/2014,KOFING,CDC,51a-17,gambiae,2.19,1096.8,F5,9,10.20378,-4.39405,7,2014,1
651,F5_5,F5_5,01/09/2014,NATIERA,CDC,107a-1,gambiae,1.8512,925.6,F5,10,10.69726,-4.44495,9,2014,1
652,F5_6,F5_6,08/09/2014,TIEFORA II,CDC,132a-7,gambiae,2.1,1051.6,F5,11,10.66015,-4.51636,9,2014,1
653,F5_8,F5_8,19/09/2014,KOFLANDE,CDC,209-14,gambiae,3.8456,1922.8,F5,37,10.23163,-4.4324,9,2014,0
654,F5_9,F5_9,10/11/2014,PONT MAURICE,CDC,360-4,gambiae,3.1748,1587.4,F5,11,10.66015,-4.51636,11,2014,1
655,F6_10,F6_10,11/09/2015,LOMBO,CDC,136-4,gambiae,3.52,1760,F6,18,10.07051,-4.30001,9,2015,1
656,F6_12,F6_12,12/07/2015,MOSSIBOUGOU,CDC,667-1,gambiae,6.1168,3058.4,F6,10,10.69726,-4.44495,7,2015,1
657,F6_1,F6_1,30/07/2014,KANKOUNADENI,CDC,53a-5,gambiae,1.34,668.4,F6,36,10.48214,-4.61734,7,2014,0
658,F6_2,F6_2,09/11/2015,PONT MAURICE,CDC,310-4,gambiae,2.14,1072.2,F6,11,10.66015,-4.51636,11,2015,1
659,F6_3,F6_3,03/09/2015,KANGOUNABA I,CDC,109-8,gambiae,4.7056,2352.8,F6,1,10.58465,-4.54745,9,2015,1
660,F6_5,F6_5,03/09/2014,BOUNOUMBA,CDC,111a-3,gambiae,2.4148,1207.4,F6,4,10.31913,-4.38869,9,2014,1
661,F6_6,F6_6,08/09/2014,TIEFORA II,CDC,132a-15,gambiae,1.96,982,F6,11,10.66015,-4.51636,9,2014,1
662,F6_7,F6_7,12/09/2014,LOMBO,CDC,34-6,gambiae,5.0288,2514.4,F6,18,10.07051,-4.30001,9,2014,1
663,F6_9,F6_9,10/11/2014,PONT MAURICE,CDC,360-12,gambiae,6.8036,3401.8,F6,11,10.66015,-4.51636,11,2014,1
664,F7_11,F7_11,01/07/2015,BOUNOUMBA,CDC,428-4,gambiae,2.482,1241,F7,4,10.31913,-4.38869,7,2015,1
665,F7_12,F7_12,12/07/2015,NATIERA,CDC,657-3,gambiae,1.7976,898.8,F7,10,10.69726,-4.44495,7,2015,1
666,F7_13,F7_13,24/07/2015,BAKARIDJAN II,CDC,917-1,gambiae,3.0852,1542.6,F7,9,10.20378,-4.39405,7,2015,1
667,F7_1,F7_1,30/07/2014,KANKOUNADENI,CDC,53a-13,gambiae,1.7,852.4,F7,36,10.48214,-4.61734,7,2014,0
668,F7_2,F7_2,09/11/2015,PONT MAURICE,CDC,310-12,gambiae,3.49,1745.8,F7,11,10.66015,-4.51636,11,2015,1
669,F7_3,F7_3,03/09/2015,KANGOUNABA I,CDC,111b-3,gambiae,1.14,570,F7,1,10.58465,-4.54745,9,2015,1
670,F7_4,F7_4,07/09/2015,TIEFORA II,CDC,123b-15,gambiae,1.792,896,F7,11,10.66015,-4.51636,9,2015,1
671,F7_5,F7_5,03/09/2014,BOUNOUMBA,CDC,112a-4,gambiae,2.8448,1422.4,F7,4,10.31913,-4.38869,9,2014,1
672,F7_6,F7_6,08/09/2014,SANHOUNOU,CDC,135-1,gambiae,3.03,1517.2,F7,12,10.67426,-4.59349,9,2014,1
673,F7_7,F7_7,12/09/2014,LOMBO,CDC,34-14,gambiae,5.9272,2963.6,F7,18,10.07051,-4.30001,9,2014,1
674,F7_8,F7_8,23/09/2014,KANKOUNADENI,CDC,223-9,gambiae,3.694,1847,F7,36,10.48214,-4.61734,9,2014,0
675,F7_9,F7_9,10/09/2015,KOFING,CDC,128-2,gambiae,4.8244,2412.2,F7,9,10.20378,-4.39405,9,2015,1
676,F8_10,F8_10,16/09/2015,SISRANKA,CDC,139b-2,gambiae,2.4696,1234.8,F8,29,10.40929,-4.61967,9,2015,0
677,F8_11,F8_11,07/07/2015,KANKOUNADENI,CDC,524-4,gambiae,3.3192,1659.6,F8,36,10.48214,-4.61734,7,2015,0
678,F8_13,F8_13,24/07/2015,BAKARIDJAN II,CDC,913-1,gambiae,3.8064,1903.2,F8,9,10.20378,-4.39405,7,2015,1
679,F8_1,F8_1,30/07/2014,KANKOUNADENI,CDC,286-1,gambiae,1.98,991.6,F8,36,10.48214,-4.61734,7,2014,0
680,F8_2,F8_2,09/11/2015,DASSORPIRE,CDC,311-1,gambiae,2.14,1069.6,F8,12,10.67426,-4.59349,11,2015,1
681,F8_3,F8_3,03/09/2015,KANGOUNABA I,CDC,111b-11,gambiae,1.5112,755.6,F8,1,10.58465,-4.54745,9,2015,1
682,F8_5,F8_5,03/09/2014,BOUNOUMBA,CDC,112a-12,gambiae,2.6176,1308.8,F8,4,10.31913,-4.38869,9,2014,1
683,F8_6,F8_6,08/09/2014,SANHOUNOU,CDC,135-9,gambiae,2.73,1365.6,F8,12,10.67426,-4.59349,9,2014,1
684,F8_7,F8_7,12/09/2014,LOMBO,CDC,37a-4,gambiae,5.3096,2654.8,F8,18,10.07051,-4.30001,9,2014,1
685,F8_8,F8_8,23/09/2014,KANKOUNADENI,CDC,1225-1,gambiae,2.1176,1058.8,F8,36,10.48214,-4.61734,9,2014,0
686,F9_10,F9_10,16/09/2015,SISRANKA,CDC,139b-10,gambiae,3.5348,1767.4,F9,29,10.40929,-4.61967,9,2015,0
687,F9_11,F9_11,07/07/2015,KANKOUNADENI,CDC,522-3,gambiae,4.1624,2081.2,F9,36,10.48214,-4.61734,7,2015,0
688,F9_12,F9_12,14/07/2015,SANHOUROU,CDC,028-5,gambiae,3.8768,1938.4,F9,12,10.67426,-4.59349,7,2015,1
689,F9_13,F9_13,24/07/2015,KOFLANDE,CDC,920-3,gambiae,2.51,1255,F9,37,10.23163,-4.4324,7,2015,0
690,F9_1,F9_1,15/08/2014,LOMBO,CDC,503-3,gambiae,3.01,1503.6,F9,18,10.07051,-4.30001,8,2014,0
691,F9_2,F9_2,09/11/2015,DASSORPIRE,CDC,311-9,gambiae,1.44,719,F9,12,10.67426,-4.59349,11,2015,1
692,F9_3,F9_3,03/09/2015,NATIERA,CDC,112b-8,gambiae,5.3344,2667.2,F9,10,10.69726,-4.44495,9,2015,1
693,F9_4,F9_4,09/09/2015,BOUSSANRA I,CDC,126-8,gambiae,1.1512,575.6,F9,26,10.50926,-4.57797,9,2015,1
694,F9_6,F9_6,08/09/2014,SANHOUNOU,CDC,135-17,gambiae,3.37,1683.8,F9,12,10.67426,-4.59349,9,2014,1
695,F9_8,F9_8,04/11/2014,BAKARIDJAN II,CDC,1833-4,gambiae,2.68,1340,F9,9,10.20378,-4.39405,11,2014,1
696,F9_9,F9_9,10/09/2015,KOFLANDE,CDC,129-5,gambiae,4.5736,2286.8,F9,37,10.23163,-4.4324,9,2015,1
697,G10_10,G10_10,16/09/2015,BOULO-KOMARA,CDC,141-8,gambiae,3.8036,1901.8,G10,29,10.40929,-4.61967,9,2015,0
698,G10_11,G10_11,07/07/2015,BOUSSANRA I,CDC,020-8,gambiae,2.318,1159,G10,26,10.50926,-4.57797,7,2015,1
699,G10_1,G10_1,15/08/2014,LOMBO,CDC,514-4,gambiae,1.53,766,G10,18,10.07051,-4.30001,8,2014,0
700,G10_3,G10_3,03/09/2015,NATIERA,CDC,113b-9,gambiae,3.5312,1765.6,G10,10,10.69726,-4.44495,9,2015,1
701,G10_4,G10_4,09/09/2015,BOUSSANRA I,CDC,126-17,gambiae,1.5336,766.8,G10,26,10.50926,-4.57797,9,2015,1
702,G10_5,G10_5,03/09/2014,YABLE I,CDC,818-1,gambiae,1.884,942,G10,4,10.31913,-4.38869,9,2014,1
703,G10_6,G10_6,17/09/2014,SISRANKA,CDC,171-6,gambiae,1.99,994.8,G10,29,10.40929,-4.61967,9,2014,0
704,G10_7,G10_7,12/09/2014,DANDOUGOU,CDC,41a-11,gambiae,4.8192,2409.6,G10,2,10.10211,-4.3382,9,2014,1
705,G10_8,G10_8,04/11/2014,KOFING,CDC,1826-7,gambiae,5.3628,2681.4,G10,9,10.20378,-4.39405,11,2014,1
706,G11_1,G11_1,15/08/2014,LOMBO,CDC,515-6,gambiae,1.87,933.2,G11,18,10.07051,-4.30001,8,2014,0
707,G1_12,G1_12,09/07/2015,BOUNOUBA,CDC,022-1,gambiae,6.444,3222,G1,39,10.26145,-4.36408,7,2015,0
708,G11_3,G11_3,07/09/2015,SANHOUNOU,CDC,122-6,gambiae,3.8112,1905.6,G11,12,10.67426,-4.59349,9,2015,1
709,G1_13,G1_13,14/07/2015,TIEFORA II,CDC,026-7,gambiae,6.5444,3272.2,G1,11,10.66015,-4.51636,7,2015,1
710,G11_4,G11_4,10/09/2015,KOFLANDE,CDC,130-6,gambiae,1.7824,891.2,G11,37,10.23163,-4.4324,9,2015,1
711,G11_5,G11_5,19/09/2014,BOLOMAKOTE,CDC,1167-6,gambiae,1.8924,946.2,G11,9,10.20378,-4.39405,9,2014,1
712,G11_7,G11_7,12/09/2014,DANDOUGOU,CDC,41a-19,gambiae,1.7264,863.2,G11,2,10.10211,-4.3382,9,2014,1
713,G11_8,G11_8,06/11/2014,BAMAKO,CDC,1859-2,gambiae,3.2592,1629.6,G11,20,10.49796,-4.46115,11,2014,0
714,G1_1,G1_1,23/07/2014,SAKORA I,CDC,237-3,gambiae,1.39,696.8,G1,29,10.40929,-4.61967,7,2014,0
715,G1_3,G1_3,02/09/2015,YABLE I,CDC,106b-7,gambiae,1.8048,902.4,G1,4,10.31913,-4.38869,9,2015,1
716,G1_5,G1_5,01/09/2014,KANGOUNABA II,CDC,104a-7,gambiae,1.7372,868.6,G1,1,10.58465,-4.54745,9,2014,1
717,G1_8,G1_8,17/09/2014,SISRANKA,CDC,170-7,gambiae,2.028,1014,G1,29,10.40929,-4.61967,9,2014,0
718,G2_10,G2_10,10/09/2015,BOUNOUBA,CDC,131-15,gambiae,3.5432,1771.6,G2,39,10.26145,-4.36408,9,2015,1
719,G2_11,G2_11,01/07/2015,BAMAKO,CDC,017-2,gambiae,5.262,2631,G2,20,10.49796,-4.46115,7,2015,1
720,G2_13,G2_13,14/07/2015,TIEFORA II,CDC,027-3,gambiae,3.986,1993,G2,11,10.66015,-4.51636,7,2015,1
721,G2_1,G2_1,23/07/2014,SAKORA I,CDC,238-5,gambiae,1.3,648.4,G2,29,10.40929,-4.61967,7,2014,0
722,G2_2,G2_2,02/11/2015,KANKOUNABA II,CDC,302-15,gambiae,1,498,G2,1,10.58465,-4.54745,11,2015,1
723,G2_3,G2_3,02/09/2015,BAMAKO,CDC,107b-3,gambiae,1.8752,937.6,G2,20,10.49796,-4.46115,9,2015,1
724,G2_4,G2_4,04/09/2015,SOBARA III,CDC,114-15,gambiae,2.4224,1211.2,G2,3,10.25882,-4.41593,9,2015,1
725,G2_5,G2_5,01/09/2014,KANGOUNABA II,CDC,105-2,gambiae,1.3504,675.2,G2,1,10.58465,-4.54745,9,2014,1
726,G2_7,G2_7,09/09/2014,BOUSSANRA I,CDC,139a-15,gambiae,4.7736,2386.8,G2,26,10.50926,-4.57797,9,2014,0
727,G2_9,G2_9,05/11/2014,NATIERA,CDC,357-6,gambiae,5.194,2597,G2,10,10.69726,-4.44495,11,2014,1
728,G3_10,G3_10,10/09/2015,BOUNOUBA,CDC,131-23,gambiae,1.7464,873.2,G3,39,10.26145,-4.36408,9,2015,1
729,G3_12,G3_12,09/07/2015,BOUNOUBA,CDC,610-1,gambiae,4.7848,2392.4,G3,39,10.26145,-4.36408,7,2015,0
730,G3_13,G3_13,16/07/2015,SOBARA II,CDC,029-2,gambiae,10.6144,5307.2,G3,3,10.25882,-4.41593,7,2015,1
731,G3_14,G3_14,10/09/2015,BOLOMAKOTE,CDC,157-23,gambiae,4.1556,2077.8,G3,9,10.20378,-4.39405,9,2015,1
732,G3_1,G3_1,25/07/2014,KOFING,CDC,51a-2,gambiae,1.2,600.8,G3,9,10.20378,-4.39405,7,2014,1
733,G3_2,G3_2,02/11/2015,KANKOUNABA II,CDC,302-23,gambiae,1.77,884,G3,1,10.58465,-4.54745,11,2015,1
734,G3_4,G3_4,07/09/2015,DASSORPIRE,CDC,119-1,gambiae,1.7304,865.2,G3,12,10.67426,-4.59349,9,2015,1
735,G3_6,G3_6,07/09/2014,SOBARA II,CDC,123a-12,gambiae,1.86,931.4,G3,3,10.25882,-4.41593,9,2014,1
736,G3_8,G3_8,19/09/2014,BOLOMAKOTE,CDC,195-14,gambiae,3.25,1625,G3,9,10.20378,-4.39405,9,2014,1
737,G3_9,G3_9,05/11/2014,NATIERA,CDC,357-14,gambiae,4.3904,2195.2,G3,10,10.69726,-4.44495,11,2014,1
738,G4_11,G4_11,01/07/2015,BAMAKO,CDC,436-1,gambiae,1.7356,867.8,G4,20,10.49796,-4.46115,7,2015,1
739,G4_12,G4_12,12/07/2015,KANKOUNABA II,CDC,656-2,gambiae,7.9056,3952.8,G4,1,10.58465,-4.54745,7,2015,1
740,G4_14,G4_14,10/09/2015,BOLOMAKOTE,CDC,157-31,gambiae,3.2884,1644.2,G4,9,10.20378,-4.39405,9,2015,1
741,G4_1,G4_1,25/07/2014,KOFING,CDC,51a-10,gambiae,1.69,847.2,G4,9,10.20378,-4.39405,7,2014,1
742,G4_3,G4_3,02/09/2015,BAMAKO,CDC,107b-19,gambiae,1.6696,834.8,G4,20,10.49796,-4.46115,9,2015,1
743,G4_4,G4_4,07/09/2015,DASSORPIRE,CDC,119-9,gambiae,1.2448,622.4,G4,12,10.67426,-4.59349,9,2015,1
744,G4_5,G4_5,01/09/2014,MOSSIBOUGOU,CDC,106a-11,gambiae,2.4496,1224.8,G4,10,10.69726,-4.44495,9,2014,1
745,G4_6,G4_6,07/09/2014,SOBARA II,CDC,123a-20,gambiae,2.28,1142,G4,3,10.25882,-4.41593,9,2014,1
746,G4_7,G4_7,11/09/2014,BOUNOUBA,CDC,28a-11,gambiae,1.2896,644.8,G4,39,10.26145,-4.36408,9,2014,0
747,G4_8,G4_8,19/09/2014,KOFLANDE,CDC,209-7,gambiae,4.216,2108,G4,37,10.23163,-4.4324,9,2014,0
748,G4_9,G4_9,06/11/2014,BAMAKO,CDC,1858-4,gambiae,1.8796,939.8,G4,20,10.49796,-4.46115,11,2014,0
749,G5_10,G5_10,11/09/2015,KIESSE(KEHINSA),CDC,134-10,gambiae,2.476,1238,G5,2,10.10211,-4.3382,9,2015,1
750,G5_12,G5_12,12/07/2015,KANKOUNABA II,CDC,024-7,gambiae,4.4448,2222.4,G5,1,10.58465,-4.54745,7,2015,1
751,G5_13,G5_13,16/07/2015,SOBARA I,CDC,777-1,gambiae,3.3404,1670.2,G5,3,10.25882,-4.41593,7,2015,1
752,G5_1,G5_1,25/07/2014,KOFING,CDC,51a-18,gambiae,1.53,764,G5,9,10.20378,-4.39405,7,2014,1
753,G5_3,G5_3,03/09/2015,KANGOUNABA I,CDC,109-1,gambiae,3.4728,1736.4,G5,1,10.58465,-4.54745,9,2015,1
754,G5_5,G5_5,01/09/2014,NATIERA,CDC,107a-2,gambiae,1.8812,940.6,G5,10,10.69726,-4.44495,9,2014,1
755,G5_6,G5_6,08/09/2014,TIEFORA II,CDC,132a-8,gambiae,1.74,867.6,G5,11,10.66015,-4.51636,9,2014,1
756,G5_7,G5_7,11/09/2014,BOUNOUBA,CDC,1019-7,gambiae,3.6032,1801.6,G5,39,10.26145,-4.36408,9,2014,0
757,G5_8,G5_8,19/09/2014,KOFLANDE,CDC,209-15,gambiae,6.0576,3028.8,G5,37,10.23163,-4.4324,9,2014,0
758,G5_9,G5_9,10/11/2014,PONT MAURICE,CDC,360-5,gambiae,3.3588,1679.4,G5,11,10.66015,-4.51636,11,2014,1
759,G6_10,G6_10,11/09/2015,LOMBO,CDC,136-5,gambiae,1.5144,757.2,G6,18,10.07051,-4.30001,9,2015,1
760,G6_11,G6_11,01/07/2015,YABLE I,CDC,542-1,gambiae,0.3964,198.2,G6,4,10.31913,-4.38869,7,2015,1
761,G6_12,G6_12,12/07/2015,MOSSIBOUGOU,CDC,667-2,gambiae,4.2616,2130.8,G6,10,10.69726,-4.44495,7,2015,1
762,G6_2,G6_2,09/11/2015,PONT MAURICE,CDC,310-5,gambiae,1.4,701.8,G6,11,10.66015,-4.51636,11,2015,1
763,G6_3,G6_3,03/09/2015,KANGOUNABA I,CDC,109-9,gambiae,2.616,1308,G6,1,10.58465,-4.54745,9,2015,1
764,G6_6,G6_6,08/09/2014,TIEFORA II,CDC,132a-16,gambiae,2.05,1026,G6,11,10.66015,-4.51636,9,2014,1
765,G6_8,G6_8,23/09/2014,KANKOUNADENI,CDC,223-2,gambiae,2.5456,1272.8,G6,36,10.48214,-4.61734,9,2014,0
766,G6_9,G6_9,10/11/2014,PONT MAURICE,CDC,360-13,gambiae,4.6068,2303.4,G6,11,10.66015,-4.51636,11,2014,1
767,G7_10,G7_10,11/09/2015,LOMBO,CDC,136-13,gambiae,0.74,370,G7,18,10.07051,-4.30001,9,2015,1
768,G7_11,G7_11,01/07/2015,BOUNOUMBA,CDC,428-5,gambiae,0.1484,74.2,G7,4,10.31913,-4.38869,7,2015,1
769,G7_12,G7_12,12/07/2015,NATIERA,CDC,657-4,gambiae,1.8664,933.2,G7,10,10.69726,-4.44495,7,2015,1
770,G7_13,G7_13,24/07/2015,BAKARIDJAN II,CDC,917-2,gambiae,2.7608,1380.4,G7,9,10.20378,-4.39405,7,2015,1
771,G7_1,G7_1,30/07/2014,KANKOUNADENI,CDC,53a-14,gambiae,1.43,715.6,G7,36,10.48214,-4.61734,7,2014,0
772,G7_3,G7_3,03/09/2015,KANGOUNABA I,CDC,111b-4,gambiae,2.2008,1100.4,G7,1,10.58465,-4.54745,9,2015,1
773,G7_5,G7_5,03/09/2014,BOUNOUMBA,CDC,112a-5,gambiae,4.4836,2241.8,G7,4,10.31913,-4.38869,9,2014,1
774,G7_6,G7_6,08/09/2014,SANHOUNOU,CDC,135-2,gambiae,2.26,1129.8,G7,12,10.67426,-4.59349,9,2014,1
775,G7_7,G7_7,12/09/2014,LOMBO,CDC,34-15,gambiae,3.1928,1596.4,G7,18,10.07051,-4.30001,9,2014,1
776,G7_8,G7_8,23/09/2014,KANKOUNADENI,CDC,223-10,gambiae,3.0884,1544.2,G7,36,10.48214,-4.61734,9,2014,0
777,G7_9,G7_9,10/09/2015,KOFING,CDC,128-3,gambiae,4.3344,2167.2,G7,9,10.20378,-4.39405,9,2015,1
778,G8_11,G8_11,07/07/2015,KANKOUNADENI,CDC,524-5,gambiae,4.1752,2087.6,G8,36,10.48214,-4.61734,7,2015,0
779,G8_12,G8_12,12/07/2015,MOSSIBOUGOU,CDC,666-4,gambiae,2.52,1260,G8,10,10.69726,-4.44495,7,2015,1
780,G8_13,G8_13,24/07/2015,BAKARIDJAN II,CDC,910-1,gambiae,3.858,1929,G8,9,10.20378,-4.39405,7,2015,1
781,G8_1,G8_1,14/08/2014,BOUNOUBA,CDC,485-1,gambiae,1.61,804.8,G8,39,10.26145,-4.36408,8,2014,0
782,G8_2,G8_2,09/11/2015,DASSORPIRE,CDC,311-2,gambiae,2.46,1228.6,G8,12,10.67426,-4.59349,11,2015,1
783,G8_6,G8_6,08/09/2014,SANHOUNOU,CDC,135-10,gambiae,1.89,945.6,G8,12,10.67426,-4.59349,9,2014,1
784,G8_7,G8_7,12/09/2014,LOMBO,CDC,37a-5,gambiae,4.5168,2258.4,G8,18,10.07051,-4.30001,9,2014,1
785,G8_9,G8_9,10/09/2015,KOFING,CDC,128-11,gambiae,4.0492,2024.6,G8,9,10.20378,-4.39405,9,2015,1
786,G9_11,G9_11,07/07/2015,KANKOUNADENI,CDC,522-4,gambiae,1.954,977,G9,36,10.48214,-4.61734,7,2015,0
787,G9_12,G9_12,14/07/2015,SANHOUROU,CDC,028-6,gambiae,2.6192,1309.6,G9,12,10.67426,-4.59349,7,2015,1
788,G9_13,G9_13,24/07/2015,KOFLANDE,CDC,923-1,gambiae,3.6396,1819.8,G9,37,10.23163,-4.4324,7,2015,0
789,G9_1,G9_1,15/08/2014,LOMBO,CDC,504-1,gambiae,1.9,948,G9,18,10.07051,-4.30001,8,2014,0
790,G9_2,G9_2,09/11/2015,DASSORPIRE,CDC,311-10,gambiae,1.4,699.6,G9,12,10.67426,-4.59349,11,2015,1
791,G9_3,G9_3,03/09/2015,NATIERA,CDC,113b-1,gambiae,3.6288,1814.4,G9,10,10.69726,-4.44495,9,2015,1
792,G9_4,G9_4,09/09/2015,BOUSSANRA I,CDC,126-9,gambiae,1.0184,509.2,G9,26,10.50926,-4.57797,9,2015,1
793,G9_5,G9_5,03/09/2014,FRIGARA,CDC,113a-9,gambiae,3.3776,1688.8,G9,20,10.49796,-4.46115,9,2014,0
794,G9_6,G9_6,08/09/2014,SANHOUNOU,CDC,135-18,gambiae,4.34,2169.2,G9,12,10.67426,-4.59349,9,2014,1
795,G9_7,G9_7,12/09/2014,DANDOUGOU,CDC,41a-3,gambiae,3.6176,1808.8,G9,2,10.10211,-4.3382,9,2014,1
796,G9_8,G9_8,04/11/2014,BAKARIDJAN II,CDC,1833-5,gambiae,2.5848,1292.4,G9,9,10.20378,-4.39405,11,2014,1
797,G9_9,G9_9,10/09/2015,KOFLANDE,CDC,129-6,gambiae,4.1884,2094.2,G9,37,10.23163,-4.4324,9,2015,1
798,H10_10,H10_10,16/09/2015,BOULO-KOMARA,CDC,141-9,gambiae,1.6032,801.6,H10,29,10.40929,-4.61967,9,2015,0
799,H10_11,H10_11,07/07/2015,BOUSSANRA I,CDC,020-9,gambiae,1.7204,860.2,H10,26,10.50926,-4.57797,7,2015,1
800,H10_1,H10_1,15/08/2014,LOMBO,CDC,514-5,gambiae,1.87,933.2,H10,18,10.07051,-4.30001,8,2014,0
801,H10_2,H10_2,09/11/2015,SANHOUNOU,CDC,3618-2,gambiae,0.4,202.2,H10,12,10.67426,-4.59349,11,2015,1
802,H10_3,H10_3,03/09/2015,NATIERA,CDC,113b-10,gambiae,1.6312,815.6,H10,10,10.69726,-4.44495,9,2015,1
803,H10_4,H10_4,09/09/2015,BOUSSANRA I,CDC,127-1,gambiae,1.3288,664.4,H10,26,10.50926,-4.57797,9,2015,1
804,H10_5,H10_5,03/09/2014,YABLE I,CDC,818-2,gambiae,1.222,611,H10,4,10.31913,-4.38869,9,2014,1
805,H10_7,H10_7,12/09/2014,DANDOUGOU,CDC,41a-12,gambiae,1.888,944,H10,2,10.10211,-4.3382,9,2014,1
806,H10_8,H10_8,04/11/2014,KOFING,CDC,1826-8,gambiae,4.0188,2009.4,H10,9,10.20378,-4.39405,11,2014,1
807,H11_11,H11_11,09/07/2015,BOUNOUBA,CDC,604-1,gambiae,4.2952,2147.6,H11,39,10.26145,-4.36408,7,2015,0
808,H11_12,H11_12,16/07/2015,SOBARA I,CDC,778-2,gambiae,2.3184,1159.2,H11,3,10.25882,-4.41593,7,2015,1
809,H1_11,H1_11,01/07/2015,BAMAKO,CDC,444-1,gambiae,3.3168,1658.4,H1,20,10.49796,-4.46115,7,2015,1
810,H1_12,H1_12,09/07/2015,BOUNOUBA,CDC,022-2,gambiae,3.572,1786,H1,39,10.26145,-4.36408,7,2015,0
811,H1_13,H1_13,14/07/2015,TIEFORA II,CDC,026-8,gambiae,6.6684,3334.2,H1,11,10.66015,-4.51636,7,2015,1
812,H11_7,H11_7,12/09/2014,DANDOUGOU,CDC,41a-20,gambiae,2.2872,1143.6,H11,2,10.10211,-4.3382,9,2014,1
813,H1_1,H1_1,23/07/2014,SAKORA I,CDC,237-4,gambiae,2.23,1116,H1,29,10.40929,-4.61967,7,2014,0
814,H1_2,H1_2,02/11/2015,KANKOUNABA II,CDC,302-8,gambiae,0.95,473.8,H1,1,10.58465,-4.54745,11,2015,1
815,H1_3,H1_3,02/09/2015,YABLE I,CDC,106b-8,gambiae,1.5,750,H1,4,10.31913,-4.38869,9,2015,1
816,H1_4,H1_4,04/09/2015,SOBARA III,CDC,114-8,gambiae,1.8912,945.6,H1,3,10.25882,-4.41593,9,2015,1
817,H1_5,H1_5,01/09/2014,KANGOUNABA II,CDC,104a-8,gambiae,2.0344,1017.2,H1,1,10.58465,-4.54745,9,2014,1
818,H1_7,H1_7,09/09/2014,BOUSSANRA I,CDC,139a-8,gambiae,1.2568,628.4,H1,26,10.50926,-4.57797,9,2014,0
819,H1_9,H1_9,05/11/2014,KANGOUNABA I,CDC,1840-8,gambiae,3.0628,1531.4,H1,9,10.20378,-4.39405,11,2014,1
820,H2_10,H2_10,10/09/2015,BOUNOUBA,CDC,131-16,gambiae,3.0564,1528.2,H2,39,10.26145,-4.36408,9,2015,1
821,H2_11,H2_11,01/07/2015,BAMAKO,CDC,017-3,gambiae,3.1348,1567.4,H2,20,10.49796,-4.46115,7,2015,1
822,H2_12,H2_12,09/07/2015,BOUNOUBA,CDC,580-1,gambiae,4.8344,2417.2,H2,39,10.26145,-4.36408,7,2015,0
823,H2_1,H2_1,23/07/2014,SISRANKA,CDC,241-1,gambiae,1.89,945.6,H2,29,10.40929,-4.61967,7,2014,0
824,H2_2,H2_2,02/11/2015,KANKOUNABA II,CDC,302-16,gambiae,1.92,959.2,H2,1,10.58465,-4.54745,11,2015,1
825,H2_3,H2_3,02/09/2015,BAMAKO,CDC,107b-4,gambiae,2.8872,1443.6,H2,20,10.49796,-4.46115,9,2015,1
826,H2_4,H2_4,04/09/2015,SOBARA III,CDC,114-16,gambiae,0.7936,396.8,H2,3,10.25882,-4.41593,9,2015,1
827,H2_5,H2_5,01/09/2014,KANGOUNABA II,CDC,105-3,gambiae,1.7084,854.2,H2,1,10.58465,-4.54745,9,2014,1
828,H2_7,H2_7,09/09/2014,BOUSSANRA I,CDC,139a-16,gambiae,0.3856,192.8,H2,26,10.50926,-4.57797,9,2014,0
829,H2_9,H2_9,05/11/2014,NATIERA,CDC,357-7,gambiae,4.7756,2387.8,H2,10,10.69726,-4.44495,11,2014,1
830,H3_10,H3_10,11/09/2015,DANDOUGOU,CDC,88-1,gambiae,2.5616,1280.8,H3,2,10.10211,-4.3382,9,2015,1
831,H3_12,H3_12,09/07/2015,BOUNOUBA,CDC,589-1,gambiae,5.5952,2797.6,H3,39,10.26145,-4.36408,7,2015,0
832,H3_1,H3_1,25/07/2014,KOFING,CDC,51a-3,gambiae,1.51,753.2,H3,9,10.20378,-4.39405,7,2014,1
833,H3_4,H3_4,07/09/2015,DASSORPIRE,CDC,119-2,gambiae,1.9152,957.6,H3,12,10.67426,-4.59349,9,2015,1
834,H3_5,H3_5,01/09/2014,MOSSIBOUGOU,CDC,106a-4,gambiae,1.3304,665.2,H3,10,10.69726,-4.44495,9,2014,1
835,H3_6,H3_6,07/09/2014,SOBARA II,CDC,123a-13,gambiae,1.84,919.4,H3,3,10.25882,-4.41593,9,2014,1
836,H3_7,H3_7,11/09/2014,BOUNOUBA,CDC,28a-4,gambiae,2.6704,1335.2,H3,39,10.26145,-4.36408,9,2014,0
837,H3_8,H3_8,19/09/2014,BOLOMAKOTE,CDC,195-15,gambiae,1.9208,960.4,H3,9,10.20378,-4.39405,9,2014,1
838,H3_9,H3_9,05/11/2014,NATIERA,CDC,357-15,gambiae,2.4036,1201.8,H3,10,10.69726,-4.44495,11,2014,1
839,H4_11,H4_11,01/07/2015,BAMAKO,CDC,436-2,gambiae,4.382,2191,H4,20,10.49796,-4.46115,7,2015,1
840,H4_12,H4_12,12/07/2015,KANKOUNABA II,CDC,656-3,gambiae,13.6488,6824.4,H4,1,10.58465,-4.54745,7,2015,1
841,H4_13,H4_13,16/07/2015,SOBARA II,CDC,029-11,gambiae,2.162,1081,H4,3,10.25882,-4.41593,7,2015,1
842,H4_1,H4_1,25/07/2014,KOFING,CDC,51a-11,gambiae,1.26,630.4,H4,9,10.20378,-4.39405,7,2014,1
843,H4_4,H4_4,07/09/2015,DASSORPIRE,CDC,119-10,gambiae,1.6056,802.8,H4,12,10.67426,-4.59349,9,2015,1
844,H4_5,H4_5,01/09/2014,MOSSIBOUGOU,CDC,106a-12,gambiae,1.3368,668.4,H4,10,10.69726,-4.44495,9,2014,1
845,H4_6,H4_6,08/09/2014,TIEFORA II,CDC,132a-1,gambiae,1.88,942,H4,11,10.66015,-4.51636,9,2014,1
846,H4_7,H4_7,11/09/2014,BOUNOUBA,CDC,28a-12,gambiae,2.0488,1024.4,H4,39,10.26145,-4.36408,9,2014,0
847,H4_8,H4_8,19/09/2014,KOFLANDE,CDC,209-8,gambiae,3.3976,1698.8,H4,37,10.23163,-4.4324,9,2014,0
848,H4_9,H4_9,06/11/2014,BAMAKO,CDC,1856-1,gambiae,1.8676,933.8,H4,20,10.49796,-4.46115,11,2014,0
849,H5_10,H5_10,11/09/2015,KIESSE(KEHINSA),CDC,134-11,gambiae,2.3896,1194.8,H5,2,10.10211,-4.3382,9,2015,1
850,H5_11,H5_11,01/07/2015,YABLE I,CDC,424-4,gambiae,2.968,1484,H5,4,10.31913,-4.38869,7,2015,1
851,H5_12,H5_12,12/07/2015,KANKOUNABA II,CDC,024-8,gambiae,7.0816,3540.8,H5,1,10.58465,-4.54745,7,2015,1
852,H5_1,H5_1,25/07/2014,KOFING,CDC,51a-19,gambiae,1.57,784.8,H5,9,10.20378,-4.39405,7,2014,1
853,H5_3,H5_3,03/09/2015,KANGOUNABA I,CDC,109-2,gambiae,2.672,1336,H5,1,10.58465,-4.54745,9,2015,1
854,H5_5,H5_5,01/09/2014,NATIERA,CDC,107a-3,gambiae,1.398,699,H5,10,10.69726,-4.44495,9,2014,1
855,H5_6,H5_6,08/09/2014,TIEFORA II,CDC,132a-9,gambiae,1.22,612.4,H5,11,10.66015,-4.51636,9,2014,1
856,H5_7,H5_7,11/09/2014,BOUNOUBA,CDC,1019-8,gambiae,1.6232,811.6,H5,39,10.26145,-4.36408,9,2014,0
857,H5_8,H5_8,19/09/2014,KOFLANDE,CDC,209-16,gambiae,4.0096,2004.8,H5,37,10.23163,-4.4324,9,2014,0
858,H5_9,H5_9,10/11/2014,PONT MAURICE,CDC,360-6,gambiae,2.118,1059,H5,11,10.66015,-4.51636,11,2014,1
859,H6_10,H6_10,11/09/2015,LOMBO,CDC,136-6,gambiae,2.4128,1206.4,H6,18,10.07051,-4.30001,9,2015,1
860,H6_12,H6_12,12/07/2015,MOSSIBOUGOU,CDC,667-3,gambiae,2.3912,1195.6,H6,10,10.69726,-4.44495,7,2015,1
861,H6_1,H6_1,30/07/2014,KANKOUNADENI,CDC,53a-7,gambiae,2.14,1068.4,H6,36,10.48214,-4.61734,7,2014,0
862,H6_2,H6_2,09/11/2015,PONT MAURICE,CDC,310-6,gambiae,1.31,654.8,H6,11,10.66015,-4.51636,11,2015,1
863,H6_3,H6_3,03/09/2015,KANGOUNABA I,CDC,109-10,gambiae,2.2176,1108.8,H6,1,10.58465,-4.54745,9,2015,1
864,H6_5,H6_5,03/09/2014,BOUNOUMBA,CDC,111a-5,gambiae,1.6676,833.8,H6,4,10.31913,-4.38869,9,2014,1
865,H6_6,H6_6,08/09/2014,TIEFORA II,CDC,132a-17,gambiae,0.48,239.6,H6,11,10.66015,-4.51636,9,2014,1
866,H6_7,H6_7,12/09/2014,LOMBO,CDC,34-8,gambiae,3.5448,1772.4,H6,18,10.07051,-4.30001,9,2014,1
867,H6_9,H6_9,10/11/2014,PONT MAURICE,CDC,360-14,gambiae,2.9628,1481.4,H6,11,10.66015,-4.51636,11,2014,1
868,H7_10,H7_10,11/09/2015,LOMBO,CDC,136-14,gambiae,0.732,366,H7,18,10.07051,-4.30001,9,2015,1
869,H7_11,H7_11,01/07/2015,YABLE I,CDC,541-1,gambiae,1.9552,977.6,H7,4,10.31913,-4.38869,7,2015,1
870,H7_13,H7_13,24/07/2015,BAKARIDJAN II,CDC,917-3,gambiae,3.3032,1651.6,H7,9,10.20378,-4.39405,7,2015,1
871,H7_1,H7_1,30/07/2014,KANKOUNADENI,CDC,53a-15,gambiae,1.32,662,H7,36,10.48214,-4.61734,7,2014,0
872,H7_5,H7_5,03/09/2014,BOUNOUMBA,CDC,112a-6,gambiae,1.6648,832.4,H7,4,10.31913,-4.38869,9,2014,1
873,H7_6,H7_6,08/09/2014,SANHOUNOU,CDC,135-3,gambiae,1.98,987.8,H7,12,10.67426,-4.59349,9,2014,1
874,H7_8,H7_8,23/09/2014,KANKOUNADENI,CDC,223-11,gambiae,2.7456,1372.8,H7,36,10.48214,-4.61734,9,2014,0
875,H8_10,H8_10,16/09/2015,SISRANKA,CDC,139b-4,gambiae,2.274,1137,H8,29,10.40929,-4.61967,9,2015,0
876,H8_11,H8_11,07/07/2015,KANKOUNADENI,CDC,524-6,gambiae,4.18,2090,H8,36,10.48214,-4.61734,7,2015,0
877,H8_13,H8_13,24/07/2015,BOLOMAKOTE,CDC,924-1,gambiae,2.1752,1087.6,H8,37,10.23163,-4.4324,7,2015,0
878,H8_1,H8_1,14/08/2014,BOUNOUBA,CDC,487-1,gambiae,1.43,712.8,H8,39,10.26145,-4.36408,8,2014,0
879,H8_3,H8_3,03/09/2015,NATIERA,CDC,112b-2,gambiae,1.7152,857.6,H8,10,10.69726,-4.44495,9,2015,1
880,H8_4,H8_4,09/09/2015,BOUSSANRA I,CDC,126-2,gambiae,2.4184,1209.2,H8,26,10.50926,-4.57797,9,2015,1
881,H8_8,H8_8,23/09/2014,KANKOUNADENI,CDC,1227-2,gambiae,3.0988,1549.4,H8,36,10.48214,-4.61734,9,2014,0
882,H9_10,H9_10,16/09/2015,BOULO-KOMARA,CDC,141-1,gambiae,2.588,1294,H9,29,10.40929,-4.61967,9,2015,0
883,H9_11,H9_11,07/07/2015,BOUSSANRA I,CDC,020-1,gambiae,3.3968,1698.4,H9,26,10.50926,-4.57797,7,2015,1
884,H9_12,H9_12,14/07/2015,SANHOUROU,CDC,028-7,gambiae,1.9776,988.8,H9,12,10.67426,-4.59349,7,2015,1
885,H9_13,H9_13,24/07/2015,KOFLANDE,CDC,923-2,gambiae,1.4692,734.6,H9,37,10.23163,-4.4324,7,2015,0
886,H9_1,H9_1,15/08/2014,LOMBO,CDC,504-2,gambiae,1.58,788.4,H9,18,10.07051,-4.30001,8,2014,0
887,H9_2,H9_2,09/11/2015,DASSORPIRE,CDC,311-11,gambiae,1.94,970,H9,12,10.67426,-4.59349,11,2015,1
888,H9_3,H9_3,03/09/2015,NATIERA,CDC,113b-2,gambiae,3.1288,1564.4,H9,10,10.69726,-4.44495,9,2015,1
889,H9_4,H9_4,09/09/2015,BOUSSANRA I,CDC,126-10,gambiae,1.0664,533.2,H9,26,10.50926,-4.57797,9,2015,1
890,H9_5,H9_5,03/09/2014,FRIGARA,CDC,113a-10,gambiae,2.138,1069,H9,20,10.49796,-4.46115,9,2014,0
891,H9_6,H9_6,08/09/2014,SANHOUNOU,CDC,135-19,gambiae,2.39,1196.8,H9,12,10.67426,-4.59349,9,2014,1
892,H9_8,H9_8,04/11/2014,BOLOMAKOTE,CDC,1830-1,gambiae,2.5184,1259.2,H9,9,10.20378,-4.39405,11,2014,1
893,H9_9,H9_9,10/09/2015,KOFLANDE,CDC,129-7,gambiae,4.0084,2004.2,H9,37,10.23163,-4.4324,9,2015,1